unique_id,ds,XGBRegressor
aguas_claras,2024-02-19,22
aguas_claras,2024-02-20,25
aguas_claras,2024-02-21,23
aguas_claras,2024-02-22,21
aguas_claras,2024-02-23,22
aguas_claras,2024-02-24,18
aguas_claras,2024-02-25,16
aguas_claras,2024-02-26,28
aguas_claras,2024-02-27,30
aguas_claras,2024-02-28,23
aguas_claras,2024-02-29,23
aguas_claras,2024-03-01,23
aguas_claras,2024-03-02,21
aguas_claras,2024-03-03,21
aguas_claras,2024-03-04,33
aguas_claras,2024-03-05,31
aguas_claras,2024-03-06,26
aguas_claras,2024-03-07,22
aguas_claras,2024-03-08,23
aguas_claras,2024-03-09,19
aguas_claras,2024-03-10,18
aguas_claras,2024-03-11,31
aguas_claras,2024-03-12,25
aguas_claras,2024-03-13,22
aguas_claras,2024-03-14,20
aguas_claras,2024-03-15,21
aguas_claras,2024-03-16,17
aguas_claras,2024-03-17,16
aguas_claras,2024-03-18,25
aguas_claras,2024-03-19,23
aguas_claras,2024-03-20,18
aguas_claras,2024-03-21,17
aguas_claras,2024-03-22,18
aguas_claras,2024-03-23,17
aguas_claras,2024-03-24,15
aguas_claras,2024-03-25,19
aguas_claras,2024-03-26,18
aguas_claras,2024-03-27,18
aguas_claras,2024-03-28,16
aguas_claras,2024-03-29,17
aguas_claras,2024-03-30,15
aguas_claras,2024-03-31,13
aguas_claras,2024-04-01,16
aguas_claras,2024-04-02,15
aguas_claras,2024-04-03,15
aguas_claras,2024-04-04,14
aguas_claras,2024-04-05,15
aguas_claras,2024-04-06,12
aguas_claras,2024-04-07,10
aguas_claras,2024-04-08,15
aguas_claras,2024-04-09,15
aguas_claras,2024-04-10,15
aguas_claras,2024-04-11,14
aguas_claras,2024-04-12,15
aguas_claras,2024-04-13,13
aguas_claras,2024-04-14,10
aguas_claras,2024-04-15,16
aguas_claras,2024-04-16,15
aguas_claras,2024-04-17,15
aguas_claras,2024-04-18,14
arniqueira,2024-02-19,1
arniqueira,2024-02-20,1
arniqueira,2024-02-21,1
arniqueira,2024-02-22,1
arniqueira,2024-02-23,1
arniqueira,2024-02-24,1
arniqueira,2024-02-25,1
arniqueira,2024-02-26,2
arniqueira,2024-02-27,2
arniqueira,2024-02-28,2
arniqueira,2024-02-29,2
arniqueira,2024-03-01,2
arniqueira,2024-03-02,1
arniqueira,2024-03-03,1
arniqueira,2024-03-04,2
arniqueira,2024-03-05,2
arniqueira,2024-03-06,2
arniqueira,2024-03-07,2
arniqueira,2024-03-08,2
arniqueira,2024-03-09,1
arniqueira,2024-03-10,1
arniqueira,2024-03-11,2
arniqueira,2024-03-12,2
arniqueira,2024-03-13,2
arniqueira,2024-03-14,2
arniqueira,2024-03-15,2
arniqueira,2024-03-16,1
arniqueira,2024-03-17,1
arniqueira,2024-03-18,2
arniqueira,2024-03-19,2
arniqueira,2024-03-20,2
arniqueira,2024-03-21,2
arniqueira,2024-03-22,2
arniqueira,2024-03-23,1
arniqueira,2024-03-24,1
arniqueira,2024-03-25,2
arniqueira,2024-03-26,2
arniqueira,2024-03-27,2
arniqueira,2024-03-28,2
arniqueira,2024-03-29,2
arniqueira,2024-03-30,1
arniqueira,2024-03-31,1
arniqueira,2024-04-01,2
arniqueira,2024-04-02,2
arniqueira,2024-04-03,2
arniqueira,2024-04-04,2
arniqueira,2024-04-05,2
arniqueira,2024-04-06,1
arniqueira,2024-04-07,1
arniqueira,2024-04-08,2
arniqueira,2024-04-09,2
arniqueira,2024-04-10,2
arniqueira,2024-04-11,2
arniqueira,2024-04-12,2
arniqueira,2024-04-13,1
arniqueira,2024-04-14,1
arniqueira,2024-04-15,2
arniqueira,2024-04-16,2
arniqueira,2024-04-17,2
arniqueira,2024-04-18,2
brazlandia,2024-02-18,2
brazlandia,2024-02-19,3
brazlandia,2024-02-20,3
brazlandia,2024-02-21,3
brazlandia,2024-02-22,2
brazlandia,2024-02-23,3
brazlandia,2024-02-24,3
brazlandia,2024-02-25,2
brazlandia,2024-02-26,3
brazlandia,2024-02-27,3
brazlandia,2024-02-28,3
brazlandia,2024-02-29,3
brazlandia,2024-03-01,3
brazlandia,2024-03-02,2
brazlandia,2024-03-03,2
brazlandia,2024-03-04,3
brazlandia,2024-03-05,3
brazlandia,2024-03-06,3
brazlandia,2024-03-07,3
brazlandia,2024-03-08,3
brazlandia,2024-03-09,2
brazlandia,2024-03-10,2
brazlandia,2024-03-11,3
brazlandia,2024-03-12,3
brazlandia,2024-03-13,3
brazlandia,2024-03-14,3
brazlandia,2024-03-15,3
brazlandia,2024-03-16,2
brazlandia,2024-03-17,2
brazlandia,2024-03-18,3
brazlandia,2024-03-19,3
brazlandia,2024-03-20,3
brazlandia,2024-03-21,3
brazlandia,2024-03-22,3
brazlandia,2024-03-23,2
brazlandia,2024-03-24,2
brazlandia,2024-03-25,3
brazlandia,2024-03-26,3
brazlandia,2024-03-27,3
brazlandia,2024-03-28,3
brazlandia,2024-03-29,3
brazlandia,2024-03-30,2
brazlandia,2024-03-31,2
brazlandia,2024-04-01,3
brazlandia,2024-04-02,3
brazlandia,2024-04-03,3
brazlandia,2024-04-04,3
brazlandia,2024-04-05,3
brazlandia,2024-04-06,2
brazlandia,2024-04-07,2
brazlandia,2024-04-08,3
brazlandia,2024-04-09,3
brazlandia,2024-04-10,3
brazlandia,2024-04-11,3
brazlandia,2024-04-12,3
brazlandia,2024-04-13,2
brazlandia,2024-04-14,2
brazlandia,2024-04-15,3
brazlandia,2024-04-16,3
brazlandia,2024-04-17,3
candangolandia,2024-02-17,1
candangolandia,2024-02-18,1
candangolandia,2024-02-19,2
candangolandia,2024-02-20,1
candangolandia,2024-02-21,1
candangolandia,2024-02-22,1
candangolandia,2024-02-23,2
candangolandia,2024-02-24,1
candangolandia,2024-02-25,1
candangolandia,2024-02-26,2
candangolandia,2024-02-27,2
candangolandia,2024-02-28,2
candangolandia,2024-02-29,2
candangolandia,2024-03-01,2
candangolandia,2024-03-02,1
candangolandia,2024-03-03,1
candangolandia,2024-03-04,2
candangolandia,2024-03-05,2
candangolandia,2024-03-06,2
candangolandia,2024-03-07,2
candangolandia,2024-03-08,2
candangolandia,2024-03-09,1
candangolandia,2024-03-10,1
candangolandia,2024-03-11,2
candangolandia,2024-03-12,2
candangolandia,2024-03-13,2
candangolandia,2024-03-14,2
candangolandia,2024-03-15,2
candangolandia,2024-03-16,1
candangolandia,2024-03-17,1
candangolandia,2024-03-18,2
candangolandia,2024-03-19,2
candangolandia,2024-03-20,2
candangolandia,2024-03-21,2
candangolandia,2024-03-22,2
candangolandia,2024-03-23,1
candangolandia,2024-03-24,1
candangolandia,2024-03-25,2
candangolandia,2024-03-26,2
candangolandia,2024-03-27,2
candangolandia,2024-03-28,2
candangolandia,2024-03-29,2
candangolandia,2024-03-30,1
candangolandia,2024-03-31,1
candangolandia,2024-04-01,2
candangolandia,2024-04-02,2
candangolandia,2024-04-03,2
candangolandia,2024-04-04,2
candangolandia,2024-04-05,2
candangolandia,2024-04-06,1
candangolandia,2024-04-07,1
candangolandia,2024-04-08,2
candangolandia,2024-04-09,2
candangolandia,2024-04-10,2
candangolandia,2024-04-11,2
candangolandia,2024-04-12,2
candangolandia,2024-04-13,1
candangolandia,2024-04-14,1
candangolandia,2024-04-15,2
candangolandia,2024-04-16,2
ceilandia,2024-02-19,17
ceilandia,2024-02-20,16
ceilandia,2024-02-21,14
ceilandia,2024-02-22,13
ceilandia,2024-02-23,12
ceilandia,2024-02-24,10
ceilandia,2024-02-25,9
ceilandia,2024-02-26,18
ceilandia,2024-02-27,15
ceilandia,2024-02-28,15
ceilandia,2024-02-29,14
ceilandia,2024-03-01,14
ceilandia,2024-03-02,11
ceilandia,2024-03-03,9
ceilandia,2024-03-04,16
ceilandia,2024-03-05,16
ceilandia,2024-03-06,14
ceilandia,2024-03-07,13
ceilandia,2024-03-08,14
ceilandia,2024-03-09,12
ceilandia,2024-03-10,8
ceilandia,2024-03-11,15
ceilandia,2024-03-12,14
ceilandia,2024-03-13,14
ceilandia,2024-03-14,13
ceilandia,2024-03-15,14
ceilandia,2024-03-16,12
ceilandia,2024-03-17,8
ceilandia,2024-03-18,16
ceilandia,2024-03-19,15
ceilandia,2024-03-20,14
ceilandia,2024-03-21,14
ceilandia,2024-03-22,14
ceilandia,2024-03-23,11
ceilandia,2024-03-24,9
ceilandia,2024-03-25,16
ceilandia,2024-03-26,16
ceilandia,2024-03-27,15
ceilandia,2024-03-28,14
ceilandia,2024-03-29,14
ceilandia,2024-03-30,11
ceilandia,2024-03-31,8
ceilandia,2024-04-01,15
ceilandia,2024-04-02,15
ceilandia,2024-04-03,14
ceilandia,2024-04-04,14
ceilandia,2024-04-05,14
ceilandia,2024-04-06,11
ceilandia,2024-04-07,7
ceilandia,2024-04-08,15
ceilandia,2024-04-09,15
ceilandia,2024-04-10,15
ceilandia,2024-04-11,14
ceilandia,2024-04-12,14
ceilandia,2024-04-13,12
ceilandia,2024-04-14,8
ceilandia,2024-04-15,15
ceilandia,2024-04-16,15
ceilandia,2024-04-17,14
ceilandia,2024-04-18,14
cruzeiro,2024-02-18,3
cruzeiro,2024-02-19,5
cruzeiro,2024-02-20,4
cruzeiro,2024-02-21,4
cruzeiro,2024-02-22,5
cruzeiro,2024-02-23,5
cruzeiro,2024-02-24,3
cruzeiro,2024-02-25,3
cruzeiro,2024-02-26,5
cruzeiro,2024-02-27,5
cruzeiro,2024-02-28,5
cruzeiro,2024-02-29,5
cruzeiro,2024-03-01,4
cruzeiro,2024-03-02,4
cruzeiro,2024-03-03,3
cruzeiro,2024-03-04,5
cruzeiro,2024-03-05,5
cruzeiro,2024-03-06,4
cruzeiro,2024-03-07,4
cruzeiro,2024-03-08,5
cruzeiro,2024-03-09,3
cruzeiro,2024-03-10,4
cruzeiro,2024-03-11,6
cruzeiro,2024-03-12,5
cruzeiro,2024-03-13,5
cruzeiro,2024-03-14,5
cruzeiro,2024-03-15,5
cruzeiro,2024-03-16,4
cruzeiro,2024-03-17,4
cruzeiro,2024-03-18,7
cruzeiro,2024-03-19,6
cruzeiro,2024-03-20,5
cruzeiro,2024-03-21,5
cruzeiro,2024-03-22,5
cruzeiro,2024-03-23,5
cruzeiro,2024-03-24,4
cruzeiro,2024-03-25,6
cruzeiro,2024-03-26,6
cruzeiro,2024-03-27,5
cruzeiro,2024-03-28,5
cruzeiro,2024-03-29,5
cruzeiro,2024-03-30,5
cruzeiro,2024-03-31,4
cruzeiro,2024-04-01,6
cruzeiro,2024-04-02,6
cruzeiro,2024-04-03,5
cruzeiro,2024-04-04,5
cruzeiro,2024-04-05,5
cruzeiro,2024-04-06,4
cruzeiro,2024-04-07,4
cruzeiro,2024-04-08,6
cruzeiro,2024-04-09,6
cruzeiro,2024-04-10,5
cruzeiro,2024-04-11,5
cruzeiro,2024-04-12,5
cruzeiro,2024-04-13,5
cruzeiro,2024-04-14,4
cruzeiro,2024-04-15,6
cruzeiro,2024-04-16,6
cruzeiro,2024-04-17,5
fercal,2024-02-07,1
fercal,2024-02-08,1
fercal,2024-02-09,1
fercal,2024-02-10,1
fercal,2024-02-11,1
fercal,2024-02-12,2
fercal,2024-02-13,2
fercal,2024-02-14,2
fercal,2024-02-15,2
fercal,2024-02-16,2
fercal,2024-02-17,1
fercal,2024-02-18,1
fercal,2024-02-19,2
fercal,2024-02-20,2
fercal,2024-02-21,2
fercal,2024-02-22,2
fercal,2024-02-23,2
fercal,2024-02-24,1
fercal,2024-02-25,1
fercal,2024-02-26,2
fercal,2024-02-27,2
fercal,2024-02-28,2
fercal,2024-02-29,2
fercal,2024-03-01,2
fercal,2024-03-02,1
fercal,2024-03-03,1
fercal,2024-03-04,2
fercal,2024-03-05,2
fercal,2024-03-06,2
fercal,2024-03-07,2
fercal,2024-03-08,2
fercal,2024-03-09,1
fercal,2024-03-10,1
fercal,2024-03-11,2
fercal,2024-03-12,2
fercal,2024-03-13,2
fercal,2024-03-14,2
fercal,2024-03-15,2
fercal,2024-03-16,1
fercal,2024-03-17,1
fercal,2024-03-18,2
fercal,2024-03-19,2
fercal,2024-03-20,2
fercal,2024-03-21,2
fercal,2024-03-22,2
fercal,2024-03-23,1
fercal,2024-03-24,1
fercal,2024-03-25,2
fercal,2024-03-26,2
fercal,2024-03-27,2
fercal,2024-03-28,2
fercal,2024-03-29,2
fercal,2024-03-30,1
fercal,2024-03-31,1
fercal,2024-04-01,2
fercal,2024-04-02,2
fercal,2024-04-03,2
fercal,2024-04-04,2
fercal,2024-04-05,2
fercal,2024-04-06,1
gama,2024-02-19,12
gama,2024-02-20,10
gama,2024-02-21,11
gama,2024-02-22,11
gama,2024-02-23,10
gama,2024-02-24,9
gama,2024-02-25,8
gama,2024-02-26,12
gama,2024-02-27,13
gama,2024-02-28,11
gama,2024-02-29,11
gama,2024-03-01,12
gama,2024-03-02,11
gama,2024-03-03,9
gama,2024-03-04,14
gama,2024-03-05,14
gama,2024-03-06,15
gama,2024-03-07,14
gama,2024-03-08,15
gama,2024-03-09,13
gama,2024-03-10,10
gama,2024-03-11,17
gama,2024-03-12,16
gama,2024-03-13,16
gama,2024-03-14,14
gama,2024-03-15,15
gama,2024-03-16,12
gama,2024-03-17,9
gama,2024-03-18,16
gama,2024-03-19,16
gama,2024-03-20,14
gama,2024-03-21,14
gama,2024-03-22,14
gama,2024-03-23,11
gama,2024-03-24,9
gama,2024-03-25,16
gama,2024-03-26,15
gama,2024-03-27,14
gama,2024-03-28,13
gama,2024-03-29,14
gama,2024-03-30,11
gama,2024-03-31,8
gama,2024-04-01,15
gama,2024-04-02,15
gama,2024-04-03,14
gama,2024-04-04,13
gama,2024-04-05,14
gama,2024-04-06,11
gama,2024-04-07,7
gama,2024-04-08,15
gama,2024-04-09,16
gama,2024-04-10,14
gama,2024-04-11,14
gama,2024-04-12,14
gama,2024-04-13,12
gama,2024-04-14,8
gama,2024-04-15,15
gama,2024-04-16,15
gama,2024-04-17,14
gama,2024-04-18,14
guara,2024-02-19,22
guara,2024-02-20,22
guara,2024-02-21,21
guara,2024-02-22,21
guara,2024-02-23,21
guara,2024-02-24,18
guara,2024-02-25,14
guara,2024-02-26,22
guara,2024-02-27,21
guara,2024-02-28,20
guara,2024-02-29,20
guara,2024-03-01,21
guara,2024-03-02,18
guara,2024-03-03,13
guara,2024-03-04,22
guara,2024-03-05,22
guara,2024-03-06,22
guara,2024-03-07,19
guara,2024-03-08,20
guara,2024-03-09,17
guara,2024-03-10,13
guara,2024-03-11,21
guara,2024-03-12,19
guara,2024-03-13,18
guara,2024-03-14,16
guara,2024-03-15,16
guara,2024-03-16,13
guara,2024-03-17,11
guara,2024-03-18,18
guara,2024-03-19,17
guara,2024-03-20,16
guara,2024-03-21,14
guara,2024-03-22,15
guara,2024-03-23,13
guara,2024-03-24,11
guara,2024-03-25,16
guara,2024-03-26,15
guara,2024-03-27,14
guara,2024-03-28,14
guara,2024-03-29,15
guara,2024-03-30,13
guara,2024-03-31,11
guara,2024-04-01,16
guara,2024-04-02,16
guara,2024-04-03,15
guara,2024-04-04,14
guara,2024-04-05,15
guara,2024-04-06,13
guara,2024-04-07,11
guara,2024-04-08,16
guara,2024-04-09,15
guara,2024-04-10,15
guara,2024-04-11,14
guara,2024-04-12,15
guara,2024-04-13,13
guara,2024-04-14,11
guara,2024-04-15,16
guara,2024-04-16,16
guara,2024-04-17,16
guara,2024-04-18,14
itapoa,2024-02-17,1
itapoa,2024-02-18,1
itapoa,2024-02-19,2
itapoa,2024-02-20,1
itapoa,2024-02-21,1
itapoa,2024-02-22,1
itapoa,2024-02-23,2
itapoa,2024-02-24,1
itapoa,2024-02-25,1
itapoa,2024-02-26,2
itapoa,2024-02-27,2
itapoa,2024-02-28,2
itapoa,2024-02-29,2
itapoa,2024-03-01,2
itapoa,2024-03-02,1
itapoa,2024-03-03,1
itapoa,2024-03-04,2
itapoa,2024-03-05,2
itapoa,2024-03-06,2
itapoa,2024-03-07,2
itapoa,2024-03-08,2
itapoa,2024-03-09,1
itapoa,2024-03-10,1
itapoa,2024-03-11,2
itapoa,2024-03-12,2
itapoa,2024-03-13,2
itapoa,2024-03-14,2
itapoa,2024-03-15,2
itapoa,2024-03-16,1
itapoa,2024-03-17,1
itapoa,2024-03-18,2
itapoa,2024-03-19,2
itapoa,2024-03-20,2
itapoa,2024-03-21,2
itapoa,2024-03-22,2
itapoa,2024-03-23,1
itapoa,2024-03-24,1
itapoa,2024-03-25,2
itapoa,2024-03-26,2
itapoa,2024-03-27,2
itapoa,2024-03-28,2
itapoa,2024-03-29,2
itapoa,2024-03-30,1
itapoa,2024-03-31,1
itapoa,2024-04-01,2
itapoa,2024-04-02,2
itapoa,2024-04-03,2
itapoa,2024-04-04,2
itapoa,2024-04-05,2
itapoa,2024-04-06,1
itapoa,2024-04-07,1
itapoa,2024-04-08,2
itapoa,2024-04-09,2
itapoa,2024-04-10,2
itapoa,2024-04-11,2
itapoa,2024-04-12,2
itapoa,2024-04-13,1
itapoa,2024-04-14,1
itapoa,2024-04-15,2
itapoa,2024-04-16,2
jardim_botanico,2024-02-19,5
jardim_botanico,2024-02-20,5
jardim_botanico,2024-02-21,5
jardim_botanico,2024-02-22,5
jardim_botanico,2024-02-23,5
jardim_botanico,2024-02-24,3
jardim_botanico,2024-02-25,3
jardim_botanico,2024-02-26,6
jardim_botanico,2024-02-27,6
jardim_botanico,2024-02-28,5
jardim_botanico,2024-02-29,5
jardim_botanico,2024-03-01,5
jardim_botanico,2024-03-02,4
jardim_botanico,2024-03-03,3
jardim_botanico,2024-03-04,6
jardim_botanico,2024-03-05,6
jardim_botanico,2024-03-06,5
jardim_botanico,2024-03-07,5
jardim_botanico,2024-03-08,5
jardim_botanico,2024-03-09,4
jardim_botanico,2024-03-10,3
jardim_botanico,2024-03-11,6
jardim_botanico,2024-03-12,5
jardim_botanico,2024-03-13,5
jardim_botanico,2024-03-14,5
jardim_botanico,2024-03-15,5
jardim_botanico,2024-03-16,4
jardim_botanico,2024-03-17,4
jardim_botanico,2024-03-18,7
jardim_botanico,2024-03-19,6
jardim_botanico,2024-03-20,5
jardim_botanico,2024-03-21,5
jardim_botanico,2024-03-22,5
jardim_botanico,2024-03-23,5
jardim_botanico,2024-03-24,4
jardim_botanico,2024-03-25,6
jardim_botanico,2024-03-26,6
jardim_botanico,2024-03-27,5
jardim_botanico,2024-03-28,5
jardim_botanico,2024-03-29,5
jardim_botanico,2024-03-30,5
jardim_botanico,2024-03-31,4
jardim_botanico,2024-04-01,6
jardim_botanico,2024-04-02,6
jardim_botanico,2024-04-03,5
jardim_botanico,2024-04-04,5
jardim_botanico,2024-04-05,5
jardim_botanico,2024-04-06,4
jardim_botanico,2024-04-07,4
jardim_botanico,2024-04-08,6
jardim_botanico,2024-04-09,5
jardim_botanico,2024-04-10,5
jardim_botanico,2024-04-11,5
jardim_botanico,2024-04-12,5
jardim_botanico,2024-04-13,4
jardim_botanico,2024-04-14,4
jardim_botanico,2024-04-15,6
jardim_botanico,2024-04-16,5
jardim_botanico,2024-04-17,5
jardim_botanico,2024-04-18,5
lago_norte,2024-02-19,10
lago_norte,2024-02-20,9
lago_norte,2024-02-21,11
lago_norte,2024-02-22,9
lago_norte,2024-02-23,11
lago_norte,2024-02-24,8
lago_norte,2024-02-25,7
lago_norte,2024-02-26,13
lago_norte,2024-02-27,13
lago_norte,2024-02-28,11
lago_norte,2024-02-29,10
lago_norte,2024-03-01,11
lago_norte,2024-03-02,9
lago_norte,2024-03-03,9
lago_norte,2024-03-04,16
lago_norte,2024-03-05,14
lago_norte,2024-03-06,12
lago_norte,2024-03-07,12
lago_norte,2024-03-08,13
lago_norte,2024-03-09,11
lago_norte,2024-03-10,8
lago_norte,2024-03-11,16
lago_norte,2024-03-12,14
lago_norte,2024-03-13,14
lago_norte,2024-03-14,13
lago_norte,2024-03-15,14
lago_norte,2024-03-16,11
lago_norte,2024-03-17,9
lago_norte,2024-03-18,16
lago_norte,2024-03-19,17
lago_norte,2024-03-20,15
lago_norte,2024-03-21,13
lago_norte,2024-03-22,14
lago_norte,2024-03-23,11
lago_norte,2024-03-24,9
lago_norte,2024-03-25,16
lago_norte,2024-03-26,15
lago_norte,2024-03-27,15
lago_norte,2024-03-28,14
lago_norte,2024-03-29,15
lago_norte,2024-03-30,12
lago_norte,2024-03-31,8
lago_norte,2024-04-01,15
lago_norte,2024-04-02,15
lago_norte,2024-04-03,14
lago_norte,2024-04-04,13
lago_norte,2024-04-05,14
lago_norte,2024-04-06,11
lago_norte,2024-04-07,7
lago_norte,2024-04-08,15
lago_norte,2024-04-09,15
lago_norte,2024-04-10,14
lago_norte,2024-04-11,14
lago_norte,2024-04-12,14
lago_norte,2024-04-13,11
lago_norte,2024-04-14,8
lago_norte,2024-04-15,15
lago_norte,2024-04-16,16
lago_norte,2024-04-17,15
lago_norte,2024-04-18,14
lago_sul,2024-02-19,9
lago_sul,2024-02-20,11
lago_sul,2024-02-21,9
lago_sul,2024-02-22,10
lago_sul,2024-02-23,9
lago_sul,2024-02-24,8
lago_sul,2024-02-25,7
lago_sul,2024-02-26,12
lago_sul,2024-02-27,12
lago_sul,2024-02-28,12
lago_sul,2024-02-29,11
lago_sul,2024-03-01,12
lago_sul,2024-03-02,10
lago_sul,2024-03-03,8
lago_sul,2024-03-04,14
lago_sul,2024-03-05,14
lago_sul,2024-03-06,13
lago_sul,2024-03-07,14
lago_sul,2024-03-08,13
lago_sul,2024-03-09,11
lago_sul,2024-03-10,10
lago_sul,2024-03-11,16
lago_sul,2024-03-12,16
lago_sul,2024-03-13,14
lago_sul,2024-03-14,14
lago_sul,2024-03-15,15
lago_sul,2024-03-16,13
lago_sul,2024-03-17,11
lago_sul,2024-03-18,19
lago_sul,2024-03-19,17
lago_sul,2024-03-20,17
lago_sul,2024-03-21,15
lago_sul,2024-03-22,17
lago_sul,2024-03-23,13
lago_sul,2024-03-24,11
lago_sul,2024-03-25,17
lago_sul,2024-03-26,17
lago_sul,2024-03-27,17
lago_sul,2024-03-28,16
lago_sul,2024-03-29,17
lago_sul,2024-03-30,13
lago_sul,2024-03-31,11
lago_sul,2024-04-01,18
lago_sul,2024-04-02,17
lago_sul,2024-04-03,16
lago_sul,2024-04-04,15
lago_sul,2024-04-05,16
lago_sul,2024-04-06,13
lago_sul,2024-04-07,10
lago_sul,2024-04-08,16
lago_sul,2024-04-09,15
lago_sul,2024-04-10,15
lago_sul,2024-04-11,14
lago_sul,2024-04-12,15
lago_sul,2024-04-13,12
lago_sul,2024-04-14,9
lago_sul,2024-04-15,16
lago_sul,2024-04-16,16
lago_sul,2024-04-17,15
lago_sul,2024-04-18,14
nucleo_bandeirante,2024-02-17,2
nucleo_bandeirante,2024-02-18,1
nucleo_bandeirante,2024-02-19,2
nucleo_bandeirante,2024-02-20,2
nucleo_bandeirante,2024-02-21,2
nucleo_bandeirante,2024-02-22,2
nucleo_bandeirante,2024-02-23,2
nucleo_bandeirante,2024-02-24,2
nucleo_bandeirante,2024-02-25,1
nucleo_bandeirante,2024-02-26,2
nucleo_bandeirante,2024-02-27,2
nucleo_bandeirante,2024-02-28,2
nucleo_bandeirante,2024-02-29,2
nucleo_bandeirante,2024-03-01,2
nucleo_bandeirante,2024-03-02,1
nucleo_bandeirante,2024-03-03,1
nucleo_bandeirante,2024-03-04,2
nucleo_bandeirante,2024-03-05,2
nucleo_bandeirante,2024-03-06,2
nucleo_bandeirante,2024-03-07,2
nucleo_bandeirante,2024-03-08,2
nucleo_bandeirante,2024-03-09,1
nucleo_bandeirante,2024-03-10,1
nucleo_bandeirante,2024-03-11,2
nucleo_bandeirante,2024-03-12,2
nucleo_bandeirante,2024-03-13,2
nucleo_bandeirante,2024-03-14,2
nucleo_bandeirante,2024-03-15,2
nucleo_bandeirante,2024-03-16,1
nucleo_bandeirante,2024-03-17,1
nucleo_bandeirante,2024-03-18,2
nucleo_bandeirante,2024-03-19,2
nucleo_bandeirante,2024-03-20,2
nucleo_bandeirante,2024-03-21,2
nucleo_bandeirante,2024-03-22,2
nucleo_bandeirante,2024-03-23,1
nucleo_bandeirante,2024-03-24,1
nucleo_bandeirante,2024-03-25,2
nucleo_bandeirante,2024-03-26,2
nucleo_bandeirante,2024-03-27,2
nucleo_bandeirante,2024-03-28,2
nucleo_bandeirante,2024-03-29,2
nucleo_bandeirante,2024-03-30,1
nucleo_bandeirante,2024-03-31,1
nucleo_bandeirante,2024-04-01,2
nucleo_bandeirante,2024-04-02,2
nucleo_bandeirante,2024-04-03,2
nucleo_bandeirante,2024-04-04,2
nucleo_bandeirante,2024-04-05,2
nucleo_bandeirante,2024-04-06,1
nucleo_bandeirante,2024-04-07,1
nucleo_bandeirante,2024-04-08,2
nucleo_bandeirante,2024-04-09,2
nucleo_bandeirante,2024-04-10,2
nucleo_bandeirante,2024-04-11,2
nucleo_bandeirante,2024-04-12,2
nucleo_bandeirante,2024-04-13,1
nucleo_bandeirante,2024-04-14,1
nucleo_bandeirante,2024-04-15,2
nucleo_bandeirante,2024-04-16,2
outros_estados,2024-02-19,17
outros_estados,2024-02-20,18
outros_estados,2024-02-21,17
outros_estados,2024-02-22,15
outros_estados,2024-02-23,13
outros_estados,2024-02-24,11
outros_estados,2024-02-25,7
outros_estados,2024-02-26,16
outros_estados,2024-02-27,17
outros_estados,2024-02-28,17
outros_estados,2024-02-29,16
outros_estados,2024-03-01,16
outros_estados,2024-03-02,13
outros_estados,2024-03-03,9
outros_estados,2024-03-04,17
outros_estados,2024-03-05,17
outros_estados,2024-03-06,16
outros_estados,2024-03-07,14
outros_estados,2024-03-08,14
outros_estados,2024-03-09,11
outros_estados,2024-03-10,9
outros_estados,2024-03-11,15
outros_estados,2024-03-12,15
outros_estados,2024-03-13,14
outros_estados,2024-03-14,14
outros_estados,2024-03-15,15
outros_estados,2024-03-16,13
outros_estados,2024-03-17,10
outros_estados,2024-03-18,17
outros_estados,2024-03-19,15
outros_estados,2024-03-20,15
outros_estados,2024-03-21,14
outros_estados,2024-03-22,15
outros_estados,2024-03-23,12
outros_estados,2024-03-24,11
outros_estados,2024-03-25,16
outros_estados,2024-03-26,16
outros_estados,2024-03-27,15
outros_estados,2024-03-28,15
outros_estados,2024-03-29,16
outros_estados,2024-03-30,13
outros_estados,2024-03-31,11
outros_estados,2024-04-01,18
outros_estados,2024-04-02,16
outros_estados,2024-04-03,15
outros_estados,2024-04-04,14
outros_estados,2024-04-05,15
outros_estados,2024-04-06,13
outros_estados,2024-04-07,10
outros_estados,2024-04-08,15
outros_estados,2024-04-09,15
outros_estados,2024-04-10,15
outros_estados,2024-04-11,15
outros_estados,2024-04-12,15
outros_estados,2024-04-13,12
outros_estados,2024-04-14,9
outros_estados,2024-04-15,16
outros_estados,2024-04-16,16
outros_estados,2024-04-17,15
outros_estados,2024-04-18,14
paranoa,2024-02-19,2
paranoa,2024-02-20,2
paranoa,2024-02-21,2
paranoa,2024-02-22,2
paranoa,2024-02-23,2
paranoa,2024-02-24,2
paranoa,2024-02-25,2
paranoa,2024-02-26,3
paranoa,2024-02-27,3
paranoa,2024-02-28,2
paranoa,2024-02-29,2
paranoa,2024-03-01,2
paranoa,2024-03-02,2
paranoa,2024-03-03,2
paranoa,2024-03-04,3
paranoa,2024-03-05,3
paranoa,2024-03-06,3
paranoa,2024-03-07,2
paranoa,2024-03-08,2
paranoa,2024-03-09,2
paranoa,2024-03-10,2
paranoa,2024-03-11,3
paranoa,2024-03-12,3
paranoa,2024-03-13,2
paranoa,2024-03-14,2
paranoa,2024-03-15,2
paranoa,2024-03-16,2
paranoa,2024-03-17,2
paranoa,2024-03-18,3
paranoa,2024-03-19,3
paranoa,2024-03-20,3
paranoa,2024-03-21,2
paranoa,2024-03-22,2
paranoa,2024-03-23,2
paranoa,2024-03-24,2
paranoa,2024-03-25,3
paranoa,2024-03-26,3
paranoa,2024-03-27,3
paranoa,2024-03-28,2
paranoa,2024-03-29,2
paranoa,2024-03-30,2
paranoa,2024-03-31,2
paranoa,2024-04-01,3
paranoa,2024-04-02,3
paranoa,2024-04-03,3
paranoa,2024-04-04,2
paranoa,2024-04-05,2
paranoa,2024-04-06,2
paranoa,2024-04-07,2
paranoa,2024-04-08,3
paranoa,2024-04-09,3
paranoa,2024-04-10,2
paranoa,2024-04-11,2
paranoa,2024-04-12,2
paranoa,2024-04-13,2
paranoa,2024-04-14,2
paranoa,2024-04-15,3
paranoa,2024-04-16,3
paranoa,2024-04-17,3
paranoa,2024-04-18,2
park_way,2024-02-19,3
park_way,2024-02-20,3
park_way,2024-02-21,3
park_way,2024-02-22,2
park_way,2024-02-23,2
park_way,2024-02-24,2
park_way,2024-02-25,2
park_way,2024-02-26,3
park_way,2024-02-27,3
park_way,2024-02-28,3
park_way,2024-02-29,2
park_way,2024-03-01,2
park_way,2024-03-02,2
park_way,2024-03-03,2
park_way,2024-03-04,3
park_way,2024-03-05,3
park_way,2024-03-06,3
park_way,2024-03-07,2
park_way,2024-03-08,2
park_way,2024-03-09,2
park_way,2024-03-10,2
park_way,2024-03-11,3
park_way,2024-03-12,3
park_way,2024-03-13,3
park_way,2024-03-14,2
park_way,2024-03-15,2
park_way,2024-03-16,2
park_way,2024-03-17,2
park_way,2024-03-18,3
park_way,2024-03-19,3
park_way,2024-03-20,2
park_way,2024-03-21,2
park_way,2024-03-22,2
park_way,2024-03-23,2
park_way,2024-03-24,2
park_way,2024-03-25,3
park_way,2024-03-26,3
park_way,2024-03-27,2
park_way,2024-03-28,2
park_way,2024-03-29,2
park_way,2024-03-30,2
park_way,2024-03-31,2
park_way,2024-04-01,3
park_way,2024-04-02,3
park_way,2024-04-03,2
park_way,2024-04-04,2
park_way,2024-04-05,2
park_way,2024-04-06,2
park_way,2024-04-07,2
park_way,2024-04-08,3
park_way,2024-04-09,3
park_way,2024-04-10,2
park_way,2024-04-11,2
park_way,2024-04-12,2
park_way,2024-04-13,2
park_way,2024-04-14,2
park_way,2024-04-15,3
park_way,2024-04-16,3
park_way,2024-04-17,2
park_way,2024-04-18,2
planaltina,2024-02-19,9
planaltina,2024-02-20,8
planaltina,2024-02-21,8
planaltina,2024-02-22,8
planaltina,2024-02-23,8
planaltina,2024-02-24,6
planaltina,2024-02-25,4
planaltina,2024-02-26,9
planaltina,2024-02-27,8
planaltina,2024-02-28,7
planaltina,2024-02-29,7
planaltina,2024-03-01,7
planaltina,2024-03-02,6
planaltina,2024-03-03,5
planaltina,2024-03-04,9
planaltina,2024-03-05,8
planaltina,2024-03-06,7
planaltina,2024-03-07,6
planaltina,2024-03-08,7
planaltina,2024-03-09,6
planaltina,2024-03-10,5
planaltina,2024-03-11,9
planaltina,2024-03-12,8
planaltina,2024-03-13,7
planaltina,2024-03-14,7
planaltina,2024-03-15,7
planaltina,2024-03-16,6
planaltina,2024-03-17,5
planaltina,2024-03-18,9
planaltina,2024-03-19,8
planaltina,2024-03-20,7
planaltina,2024-03-21,7
planaltina,2024-03-22,7
planaltina,2024-03-23,6
planaltina,2024-03-24,5
planaltina,2024-03-25,9
planaltina,2024-03-26,8
planaltina,2024-03-27,7
planaltina,2024-03-28,7
planaltina,2024-03-29,7
planaltina,2024-03-30,6
planaltina,2024-03-31,5
planaltina,2024-04-01,9
planaltina,2024-04-02,8
planaltina,2024-04-03,7
planaltina,2024-04-04,7
planaltina,2024-04-05,7
planaltina,2024-04-06,6
planaltina,2024-04-07,5
planaltina,2024-04-08,9
planaltina,2024-04-09,8
planaltina,2024-04-10,7
planaltina,2024-04-11,7
planaltina,2024-04-12,7
planaltina,2024-04-13,6
planaltina,2024-04-14,5
planaltina,2024-04-15,9
planaltina,2024-04-16,8
planaltina,2024-04-17,7
planaltina,2024-04-18,7
plano_piloto,2024-02-19,59
plano_piloto,2024-02-20,56
plano_piloto,2024-02-21,52
plano_piloto,2024-02-22,47
plano_piloto,2024-02-23,52
plano_piloto,2024-02-24,38
plano_piloto,2024-02-25,27
plano_piloto,2024-02-26,43
plano_piloto,2024-02-27,45
plano_piloto,2024-02-28,40
plano_piloto,2024-02-29,37
plano_piloto,2024-03-01,40
plano_piloto,2024-03-02,36
plano_piloto,2024-03-03,28
plano_piloto,2024-03-04,44
plano_piloto,2024-03-05,41
plano_piloto,2024-03-06,36
plano_piloto,2024-03-07,30
plano_piloto,2024-03-08,34
plano_piloto,2024-03-09,32
plano_piloto,2024-03-10,28
plano_piloto,2024-03-11,43
plano_piloto,2024-03-12,37
plano_piloto,2024-03-13,32
plano_piloto,2024-03-14,33
plano_piloto,2024-03-15,37
plano_piloto,2024-03-16,34
plano_piloto,2024-03-17,30
plano_piloto,2024-03-18,42
plano_piloto,2024-03-19,36
plano_piloto,2024-03-20,29
plano_piloto,2024-03-21,30
plano_piloto,2024-03-22,35
plano_piloto,2024-03-23,32
plano_piloto,2024-03-24,27
plano_piloto,2024-03-25,46
plano_piloto,2024-03-26,38
plano_piloto,2024-03-27,32
plano_piloto,2024-03-28,32
plano_piloto,2024-03-29,37
plano_piloto,2024-03-30,33
plano_piloto,2024-03-31,26
plano_piloto,2024-04-01,40
plano_piloto,2024-04-02,37
plano_piloto,2024-04-03,33
plano_piloto,2024-04-04,30
plano_piloto,2024-04-05,37
plano_piloto,2024-04-06,33
plano_piloto,2024-04-07,25
plano_piloto,2024-04-08,42
plano_piloto,2024-04-09,38
plano_piloto,2024-04-10,36
plano_piloto,2024-04-11,30
plano_piloto,2024-04-12,38
plano_piloto,2024-04-13,32
plano_piloto,2024-04-14,24
plano_piloto,2024-04-15,41
plano_piloto,2024-04-16,38
plano_piloto,2024-04-17,33
plano_piloto,2024-04-18,29
por_do_sol,2024-02-17,1
por_do_sol,2024-02-18,1
por_do_sol,2024-02-19,1
por_do_sol,2024-02-20,1
por_do_sol,2024-02-21,1
por_do_sol,2024-02-22,1
por_do_sol,2024-02-23,1
por_do_sol,2024-02-24,1
por_do_sol,2024-02-25,1
por_do_sol,2024-02-26,2
por_do_sol,2024-02-27,2
por_do_sol,2024-02-28,2
por_do_sol,2024-02-29,2
por_do_sol,2024-03-01,2
por_do_sol,2024-03-02,1
por_do_sol,2024-03-03,1
por_do_sol,2024-03-04,2
por_do_sol,2024-03-05,2
por_do_sol,2024-03-06,2
por_do_sol,2024-03-07,2
por_do_sol,2024-03-08,2
por_do_sol,2024-03-09,1
por_do_sol,2024-03-10,1
por_do_sol,2024-03-11,2
por_do_sol,2024-03-12,2
por_do_sol,2024-03-13,2
por_do_sol,2024-03-14,2
por_do_sol,2024-03-15,2
por_do_sol,2024-03-16,1
por_do_sol,2024-03-17,1
por_do_sol,2024-03-18,2
por_do_sol,2024-03-19,2
por_do_sol,2024-03-20,2
por_do_sol,2024-03-21,2
por_do_sol,2024-03-22,2
por_do_sol,2024-03-23,1
por_do_sol,2024-03-24,1
por_do_sol,2024-03-25,2
por_do_sol,2024-03-26,2
por_do_sol,2024-03-27,2
por_do_sol,2024-03-28,2
por_do_sol,2024-03-29,2
por_do_sol,2024-03-30,1
por_do_sol,2024-03-31,1
por_do_sol,2024-04-01,2
por_do_sol,2024-04-02,2
por_do_sol,2024-04-03,2
por_do_sol,2024-04-04,2
por_do_sol,2024-04-05,2
por_do_sol,2024-04-06,1
por_do_sol,2024-04-07,1
por_do_sol,2024-04-08,2
por_do_sol,2024-04-09,2
por_do_sol,2024-04-10,2
por_do_sol,2024-04-11,2
por_do_sol,2024-04-12,2
por_do_sol,2024-04-13,1
por_do_sol,2024-04-14,1
por_do_sol,2024-04-15,2
por_do_sol,2024-04-16,2
recanto_das_emas,2024-02-18,2
recanto_das_emas,2024-02-19,3
recanto_das_emas,2024-02-20,3
recanto_das_emas,2024-02-21,3
recanto_das_emas,2024-02-22,3
recanto_das_emas,2024-02-23,3
recanto_das_emas,2024-02-24,3
recanto_das_emas,2024-02-25,2
recanto_das_emas,2024-02-26,3
recanto_das_emas,2024-02-27,3
recanto_das_emas,2024-02-28,3
recanto_das_emas,2024-02-29,3
recanto_das_emas,2024-03-01,3
recanto_das_emas,2024-03-02,3
recanto_das_emas,2024-03-03,2
recanto_das_emas,2024-03-04,3
recanto_das_emas,2024-03-05,3
recanto_das_emas,2024-03-06,3
recanto_das_emas,2024-03-07,3
recanto_das_emas,2024-03-08,3
recanto_das_emas,2024-03-09,2
recanto_das_emas,2024-03-10,2
recanto_das_emas,2024-03-11,3
recanto_das_emas,2024-03-12,3
recanto_das_emas,2024-03-13,3
recanto_das_emas,2024-03-14,3
recanto_das_emas,2024-03-15,3
recanto_das_emas,2024-03-16,2
recanto_das_emas,2024-03-17,2
recanto_das_emas,2024-03-18,3
recanto_das_emas,2024-03-19,3
recanto_das_emas,2024-03-20,3
recanto_das_emas,2024-03-21,3
recanto_das_emas,2024-03-22,3
recanto_das_emas,2024-03-23,2
recanto_das_emas,2024-03-24,2
recanto_das_emas,2024-03-25,3
recanto_das_emas,2024-03-26,3
recanto_das_emas,2024-03-27,3
recanto_das_emas,2024-03-28,3
recanto_das_emas,2024-03-29,3
recanto_das_emas,2024-03-30,2
recanto_das_emas,2024-03-31,2
recanto_das_emas,2024-04-01,3
recanto_das_emas,2024-04-02,3
recanto_das_emas,2024-04-03,3
recanto_das_emas,2024-04-04,3
recanto_das_emas,2024-04-05,3
recanto_das_emas,2024-04-06,2
recanto_das_emas,2024-04-07,2
recanto_das_emas,2024-04-08,3
recanto_das_emas,2024-04-09,3
recanto_das_emas,2024-04-10,3
recanto_das_emas,2024-04-11,3
recanto_das_emas,2024-04-12,3
recanto_das_emas,2024-04-13,2
recanto_das_emas,2024-04-14,2
recanto_das_emas,2024-04-15,3
recanto_das_emas,2024-04-16,3
recanto_das_emas,2024-04-17,3
riacho_fundo,2024-02-19,2
riacho_fundo,2024-02-20,2
riacho_fundo,2024-02-21,2
riacho_fundo,2024-02-22,2
riacho_fundo,2024-02-23,2
riacho_fundo,2024-02-24,2
riacho_fundo,2024-02-25,1
riacho_fundo,2024-02-26,2
riacho_fundo,2024-02-27,2
riacho_fundo,2024-02-28,2
riacho_fundo,2024-02-29,2
riacho_fundo,2024-03-01,2
riacho_fundo,2024-03-02,1
riacho_fundo,2024-03-03,1
riacho_fundo,2024-03-04,2
riacho_fundo,2024-03-05,2
riacho_fundo,2024-03-06,2
riacho_fundo,2024-03-07,2
riacho_fundo,2024-03-08,2
riacho_fundo,2024-03-09,1
riacho_fundo,2024-03-10,1
riacho_fundo,2024-03-11,2
riacho_fundo,2024-03-12,2
riacho_fundo,2024-03-13,2
riacho_fundo,2024-03-14,2
riacho_fundo,2024-03-15,2
riacho_fundo,2024-03-16,1
riacho_fundo,2024-03-17,1
riacho_fundo,2024-03-18,2
riacho_fundo,2024-03-19,2
riacho_fundo,2024-03-20,2
riacho_fundo,2024-03-21,2
riacho_fundo,2024-03-22,2
riacho_fundo,2024-03-23,1
riacho_fundo,2024-03-24,1
riacho_fundo,2024-03-25,2
riacho_fundo,2024-03-26,2
riacho_fundo,2024-03-27,2
riacho_fundo,2024-03-28,2
riacho_fundo,2024-03-29,2
riacho_fundo,2024-03-30,1
riacho_fundo,2024-03-31,1
riacho_fundo,2024-04-01,2
riacho_fundo,2024-04-02,2
riacho_fundo,2024-04-03,2
riacho_fundo,2024-04-04,2
riacho_fundo,2024-04-05,2
riacho_fundo,2024-04-06,1
riacho_fundo,2024-04-07,1
riacho_fundo,2024-04-08,2
riacho_fundo,2024-04-09,2
riacho_fundo,2024-04-10,2
riacho_fundo,2024-04-11,2
riacho_fundo,2024-04-12,2
riacho_fundo,2024-04-13,1
riacho_fundo,2024-04-14,1
riacho_fundo,2024-04-15,2
riacho_fundo,2024-04-16,2
riacho_fundo,2024-04-17,2
riacho_fundo,2024-04-18,2
riacho_fundo_ii,2024-02-19,2
riacho_fundo_ii,2024-02-20,2
riacho_fundo_ii,2024-02-21,2
riacho_fundo_ii,2024-02-22,2
riacho_fundo_ii,2024-02-23,2
riacho_fundo_ii,2024-02-24,1
riacho_fundo_ii,2024-02-25,1
riacho_fundo_ii,2024-02-26,2
riacho_fundo_ii,2024-02-27,2
riacho_fundo_ii,2024-02-28,2
riacho_fundo_ii,2024-02-29,2
riacho_fundo_ii,2024-03-01,2
riacho_fundo_ii,2024-03-02,1
riacho_fundo_ii,2024-03-03,1
riacho_fundo_ii,2024-03-04,2
riacho_fundo_ii,2024-03-05,2
riacho_fundo_ii,2024-03-06,2
riacho_fundo_ii,2024-03-07,2
riacho_fundo_ii,2024-03-08,2
riacho_fundo_ii,2024-03-09,1
riacho_fundo_ii,2024-03-10,1
riacho_fundo_ii,2024-03-11,2
riacho_fundo_ii,2024-03-12,2
riacho_fundo_ii,2024-03-13,2
riacho_fundo_ii,2024-03-14,2
riacho_fundo_ii,2024-03-15,2
riacho_fundo_ii,2024-03-16,1
riacho_fundo_ii,2024-03-17,1
riacho_fundo_ii,2024-03-18,2
riacho_fundo_ii,2024-03-19,2
riacho_fundo_ii,2024-03-20,2
riacho_fundo_ii,2024-03-21,2
riacho_fundo_ii,2024-03-22,2
riacho_fundo_ii,2024-03-23,1
riacho_fundo_ii,2024-03-24,1
riacho_fundo_ii,2024-03-25,2
riacho_fundo_ii,2024-03-26,2
riacho_fundo_ii,2024-03-27,2
riacho_fundo_ii,2024-03-28,2
riacho_fundo_ii,2024-03-29,2
riacho_fundo_ii,2024-03-30,1
riacho_fundo_ii,2024-03-31,1
riacho_fundo_ii,2024-04-01,2
riacho_fundo_ii,2024-04-02,2
riacho_fundo_ii,2024-04-03,2
riacho_fundo_ii,2024-04-04,2
riacho_fundo_ii,2024-04-05,2
riacho_fundo_ii,2024-04-06,1
riacho_fundo_ii,2024-04-07,1
riacho_fundo_ii,2024-04-08,2
riacho_fundo_ii,2024-04-09,2
riacho_fundo_ii,2024-04-10,2
riacho_fundo_ii,2024-04-11,2
riacho_fundo_ii,2024-04-12,2
riacho_fundo_ii,2024-04-13,1
riacho_fundo_ii,2024-04-14,1
riacho_fundo_ii,2024-04-15,2
riacho_fundo_ii,2024-04-16,2
riacho_fundo_ii,2024-04-17,2
riacho_fundo_ii,2024-04-18,2
samambaia,2024-02-18,5
samambaia,2024-02-19,9
samambaia,2024-02-20,8
samambaia,2024-02-21,8
samambaia,2024-02-22,8
samambaia,2024-02-23,8
samambaia,2024-02-24,7
samambaia,2024-02-25,6
samambaia,2024-02-26,9
samambaia,2024-02-27,9
samambaia,2024-02-28,8
samambaia,2024-02-29,8
samambaia,2024-03-01,8
samambaia,2024-03-02,7
samambaia,2024-03-03,5
samambaia,2024-03-04,9
samambaia,2024-03-05,8
samambaia,2024-03-06,8
samambaia,2024-03-07,7
samambaia,2024-03-08,7
samambaia,2024-03-09,7
samambaia,2024-03-10,5
samambaia,2024-03-11,9
samambaia,2024-03-12,8
samambaia,2024-03-13,7
samambaia,2024-03-14,7
samambaia,2024-03-15,7
samambaia,2024-03-16,6
samambaia,2024-03-17,5
samambaia,2024-03-18,9
samambaia,2024-03-19,8
samambaia,2024-03-20,7
samambaia,2024-03-21,6
samambaia,2024-03-22,7
samambaia,2024-03-23,6
samambaia,2024-03-24,5
samambaia,2024-03-25,9
samambaia,2024-03-26,8
samambaia,2024-03-27,7
samambaia,2024-03-28,7
samambaia,2024-03-29,7
samambaia,2024-03-30,6
samambaia,2024-03-31,5
samambaia,2024-04-01,9
samambaia,2024-04-02,8
samambaia,2024-04-03,7
samambaia,2024-04-04,7
samambaia,2024-04-05,7
samambaia,2024-04-06,6
samambaia,2024-04-07,5
samambaia,2024-04-08,9
samambaia,2024-04-09,8
samambaia,2024-04-10,7
samambaia,2024-04-11,7
samambaia,2024-04-12,7
samambaia,2024-04-13,6
samambaia,2024-04-14,5
samambaia,2024-04-15,9
samambaia,2024-04-16,8
samambaia,2024-04-17,7
santa_maria,2024-02-19,6
santa_maria,2024-02-20,6
santa_maria,2024-02-21,6
santa_maria,2024-02-22,6
santa_maria,2024-02-23,4
santa_maria,2024-02-24,4
santa_maria,2024-02-25,3
santa_maria,2024-02-26,6
santa_maria,2024-02-27,6
santa_maria,2024-02-28,6
santa_maria,2024-02-29,5
santa_maria,2024-03-01,5
santa_maria,2024-03-02,4
santa_maria,2024-03-03,4
santa_maria,2024-03-04,7
santa_maria,2024-03-05,6
santa_maria,2024-03-06,5
santa_maria,2024-03-07,5
santa_maria,2024-03-08,5
santa_maria,2024-03-09,4
santa_maria,2024-03-10,4
santa_maria,2024-03-11,6
santa_maria,2024-03-12,6
santa_maria,2024-03-13,5
santa_maria,2024-03-14,5
santa_maria,2024-03-15,5
santa_maria,2024-03-16,4
santa_maria,2024-03-17,4
santa_maria,2024-03-18,6
santa_maria,2024-03-19,6
santa_maria,2024-03-20,5
santa_maria,2024-03-21,5
santa_maria,2024-03-22,5
santa_maria,2024-03-23,4
santa_maria,2024-03-24,4
santa_maria,2024-03-25,6
santa_maria,2024-03-26,6
santa_maria,2024-03-27,5
santa_maria,2024-03-28,5
santa_maria,2024-03-29,5
santa_maria,2024-03-30,4
santa_maria,2024-03-31,4
santa_maria,2024-04-01,6
santa_maria,2024-04-02,6
santa_maria,2024-04-03,5
santa_maria,2024-04-04,5
santa_maria,2024-04-05,5
santa_maria,2024-04-06,4
santa_maria,2024-04-07,4
santa_maria,2024-04-08,6
santa_maria,2024-04-09,5
santa_maria,2024-04-10,5
santa_maria,2024-04-11,5
santa_maria,2024-04-12,5
santa_maria,2024-04-13,4
santa_maria,2024-04-14,4
santa_maria,2024-04-15,6
santa_maria,2024-04-16,5
santa_maria,2024-04-17,5
santa_maria,2024-04-18,5
sao_sebastiao,2024-02-18,3
sao_sebastiao,2024-02-19,4
sao_sebastiao,2024-02-20,3
sao_sebastiao,2024-02-21,4
sao_sebastiao,2024-02-22,4
sao_sebastiao,2024-02-23,4
sao_sebastiao,2024-02-24,4
sao_sebastiao,2024-02-25,3
sao_sebastiao,2024-02-26,5
sao_sebastiao,2024-02-27,4
sao_sebastiao,2024-02-28,4
sao_sebastiao,2024-02-29,4
sao_sebastiao,2024-03-01,4
sao_sebastiao,2024-03-02,4
sao_sebastiao,2024-03-03,2
sao_sebastiao,2024-03-04,4
sao_sebastiao,2024-03-05,4
sao_sebastiao,2024-03-06,4
sao_sebastiao,2024-03-07,3
sao_sebastiao,2024-03-08,3
sao_sebastiao,2024-03-09,3
sao_sebastiao,2024-03-10,2
sao_sebastiao,2024-03-11,4
sao_sebastiao,2024-03-12,4
sao_sebastiao,2024-03-13,3
sao_sebastiao,2024-03-14,3
sao_sebastiao,2024-03-15,3
sao_sebastiao,2024-03-16,2
sao_sebastiao,2024-03-17,2
sao_sebastiao,2024-03-18,4
sao_sebastiao,2024-03-19,3
sao_sebastiao,2024-03-20,3
sao_sebastiao,2024-03-21,3
sao_sebastiao,2024-03-22,3
sao_sebastiao,2024-03-23,3
sao_sebastiao,2024-03-24,2
sao_sebastiao,2024-03-25,3
sao_sebastiao,2024-03-26,3
sao_sebastiao,2024-03-27,3
sao_sebastiao,2024-03-28,3
sao_sebastiao,2024-03-29,3
sao_sebastiao,2024-03-30,2
sao_sebastiao,2024-03-31,2
sao_sebastiao,2024-04-01,3
sao_sebastiao,2024-04-02,3
sao_sebastiao,2024-04-03,3
sao_sebastiao,2024-04-04,3
sao_sebastiao,2024-04-05,3
sao_sebastiao,2024-04-06,2
sao_sebastiao,2024-04-07,2
sao_sebastiao,2024-04-08,3
sao_sebastiao,2024-04-09,3
sao_sebastiao,2024-04-10,3
sao_sebastiao,2024-04-11,3
sao_sebastiao,2024-04-12,3
sao_sebastiao,2024-04-13,2
sao_sebastiao,2024-04-14,2
sao_sebastiao,2024-04-15,3
sao_sebastiao,2024-04-16,3
sao_sebastiao,2024-04-17,3
scia,2024-02-13,1
scia,2024-02-14,1
scia,2024-02-15,1
scia,2024-02-16,1
scia,2024-02-17,1
scia,2024-02-18,1
scia,2024-02-19,2
scia,2024-02-20,2
scia,2024-02-21,2
scia,2024-02-22,2
scia,2024-02-23,2
scia,2024-02-24,1
scia,2024-02-25,1
scia,2024-02-26,2
scia,2024-02-27,2
scia,2024-02-28,2
scia,2024-02-29,2
scia,2024-03-01,2
scia,2024-03-02,1
scia,2024-03-03,1
scia,2024-03-04,2
scia,2024-03-05,2
scia,2024-03-06,2
scia,2024-03-07,2
scia,2024-03-08,2
scia,2024-03-09,1
scia,2024-03-10,1
scia,2024-03-11,2
scia,2024-03-12,2
scia,2024-03-13,2
scia,2024-03-14,2
scia,2024-03-15,2
scia,2024-03-16,1
scia,2024-03-17,1
scia,2024-03-18,2
scia,2024-03-19,2
scia,2024-03-20,2
scia,2024-03-21,2
scia,2024-03-22,2
scia,2024-03-23,1
scia,2024-03-24,1
scia,2024-03-25,2
scia,2024-03-26,2
scia,2024-03-27,2
scia,2024-03-28,2
scia,2024-03-29,2
scia,2024-03-30,1
scia,2024-03-31,1
scia,2024-04-01,2
scia,2024-04-02,2
scia,2024-04-03,2
scia,2024-04-04,2
scia,2024-04-05,2
scia,2024-04-06,1
scia,2024-04-07,1
scia,2024-04-08,2
scia,2024-04-09,2
scia,2024-04-10,2
scia,2024-04-11,2
scia,2024-04-12,2
sia,2024-02-17,1
sia,2024-02-18,1
sia,2024-02-19,2
sia,2024-02-20,1
sia,2024-02-21,1
sia,2024-02-22,1
sia,2024-02-23,2
sia,2024-02-24,1
sia,2024-02-25,1
sia,2024-02-26,2
sia,2024-02-27,2
sia,2024-02-28,2
sia,2024-02-29,2
sia,2024-03-01,2
sia,2024-03-02,1
sia,2024-03-03,1
sia,2024-03-04,2
sia,2024-03-05,2
sia,2024-03-06,2
sia,2024-03-07,2
sia,2024-03-08,2
sia,2024-03-09,1
sia,2024-03-10,1
sia,2024-03-11,2
sia,2024-03-12,2
sia,2024-03-13,2
sia,2024-03-14,2
sia,2024-03-15,2
sia,2024-03-16,1
sia,2024-03-17,1
sia,2024-03-18,2
sia,2024-03-19,2
sia,2024-03-20,2
sia,2024-03-21,2
sia,2024-03-22,2
sia,2024-03-23,1
sia,2024-03-24,1
sia,2024-03-25,2
sia,2024-03-26,2
sia,2024-03-27,2
sia,2024-03-28,2
sia,2024-03-29,2
sia,2024-03-30,1
sia,2024-03-31,1
sia,2024-04-01,2
sia,2024-04-02,2
sia,2024-04-03,2
sia,2024-04-04,2
sia,2024-04-05,2
sia,2024-04-06,1
sia,2024-04-07,1
sia,2024-04-08,2
sia,2024-04-09,2
sia,2024-04-10,2
sia,2024-04-11,2
sia,2024-04-12,2
sia,2024-04-13,1
sia,2024-04-14,1
sia,2024-04-15,2
sia,2024-04-16,2
sistema_penitenciario,2022-07-04,3
sistema_penitenciario,2022-07-05,3
sistema_penitenciario,2022-07-06,3
sistema_penitenciario,2022-07-07,3
sistema_penitenciario,2022-07-08,3
sistema_penitenciario,2022-07-09,3
sistema_penitenciario,2022-07-10,2
sistema_penitenciario,2022-07-11,3
sistema_penitenciario,2022-07-12,3
sistema_penitenciario,2022-07-13,3
sistema_penitenciario,2022-07-14,3
sistema_penitenciario,2022-07-15,3
sistema_penitenciario,2022-07-16,2
sistema_penitenciario,2022-07-17,2
sistema_penitenciario,2022-07-18,3
sistema_penitenciario,2022-07-19,3
sistema_penitenciario,2022-07-20,3
sistema_penitenciario,2022-07-21,3
sistema_penitenciario,2022-07-22,3
sistema_penitenciario,2022-07-23,2
sistema_penitenciario,2022-07-24,2
sistema_penitenciario,2022-07-25,3
sistema_penitenciario,2022-07-26,3
sistema_penitenciario,2022-07-27,3
sistema_penitenciario,2022-07-28,3
sistema_penitenciario,2022-07-29,3
sistema_penitenciario,2022-07-30,2
sistema_penitenciario,2022-07-31,2
sistema_penitenciario,2022-08-01,3
sistema_penitenciario,2022-08-02,3
sistema_penitenciario,2022-08-03,3
sistema_penitenciario,2022-08-04,3
sistema_penitenciario,2022-08-05,3
sistema_penitenciario,2022-08-06,2
sistema_penitenciario,2022-08-07,2
sistema_penitenciario,2022-08-08,3
sistema_penitenciario,2022-08-09,3
sistema_penitenciario,2022-08-10,3
sistema_penitenciario,2022-08-11,3
sistema_penitenciario,2022-08-12,3
sistema_penitenciario,2022-08-13,2
sistema_penitenciario,2022-08-14,2
sistema_penitenciario,2022-08-15,3
sistema_penitenciario,2022-08-16,3
sistema_penitenciario,2022-08-17,3
sistema_penitenciario,2022-08-18,3
sistema_penitenciario,2022-08-19,3
sistema_penitenciario,2022-08-20,2
sistema_penitenciario,2022-08-21,2
sistema_penitenciario,2022-08-22,3
sistema_penitenciario,2022-08-23,3
sistema_penitenciario,2022-08-24,3
sistema_penitenciario,2022-08-25,3
sistema_penitenciario,2022-08-26,3
sistema_penitenciario,2022-08-27,2
sistema_penitenciario,2022-08-28,2
sistema_penitenciario,2022-08-29,3
sistema_penitenciario,2022-08-30,3
sistema_penitenciario,2022-08-31,3
sistema_penitenciario,2022-09-01,3
sobradinho,2024-02-18,9
sobradinho,2024-02-19,15
sobradinho,2024-02-20,16
sobradinho,2024-02-21,16
sobradinho,2024-02-22,15
sobradinho,2024-02-23,15
sobradinho,2024-02-24,13
sobradinho,2024-02-25,11
sobradinho,2024-02-26,22
sobradinho,2024-02-27,19
sobradinho,2024-02-28,19
sobradinho,2024-02-29,18
sobradinho,2024-03-01,17
sobradinho,2024-03-02,13
sobradinho,2024-03-03,12
sobradinho,2024-03-04,23
sobradinho,2024-03-05,20
sobradinho,2024-03-06,19
sobradinho,2024-03-07,18
sobradinho,2024-03-08,18
sobradinho,2024-03-09,14
sobradinho,2024-03-10,11
sobradinho,2024-03-11,18
sobradinho,2024-03-12,17
sobradinho,2024-03-13,16
sobradinho,2024-03-14,14
sobradinho,2024-03-15,17
sobradinho,2024-03-16,13
sobradinho,2024-03-17,12
sobradinho,2024-03-18,19
sobradinho,2024-03-19,18
sobradinho,2024-03-20,16
sobradinho,2024-03-21,16
sobradinho,2024-03-22,17
sobradinho,2024-03-23,13
sobradinho,2024-03-24,11
sobradinho,2024-03-25,17
sobradinho,2024-03-26,16
sobradinho,2024-03-27,15
sobradinho,2024-03-28,14
sobradinho,2024-03-29,16
sobradinho,2024-03-30,13
sobradinho,2024-03-31,11
sobradinho,2024-04-01,17
sobradinho,2024-04-02,16
sobradinho,2024-04-03,15
sobradinho,2024-04-04,14
sobradinho,2024-04-05,15
sobradinho,2024-04-06,13
sobradinho,2024-04-07,10
sobradinho,2024-04-08,15
sobradinho,2024-04-09,15
sobradinho,2024-04-10,15
sobradinho,2024-04-11,15
sobradinho,2024-04-12,15
sobradinho,2024-04-13,13
sobradinho,2024-04-14,11
sobradinho,2024-04-15,16
sobradinho,2024-04-16,16
sobradinho,2024-04-17,15
sobradinho_ii,2024-02-19,3
sobradinho_ii,2024-02-20,3
sobradinho_ii,2024-02-21,3
sobradinho_ii,2024-02-22,2
sobradinho_ii,2024-02-23,2
sobradinho_ii,2024-02-24,2
sobradinho_ii,2024-02-25,2
sobradinho_ii,2024-02-26,3
sobradinho_ii,2024-02-27,3
sobradinho_ii,2024-02-28,3
sobradinho_ii,2024-02-29,2
sobradinho_ii,2024-03-01,2
sobradinho_ii,2024-03-02,2
sobradinho_ii,2024-03-03,2
sobradinho_ii,2024-03-04,3
sobradinho_ii,2024-03-05,3
sobradinho_ii,2024-03-06,3
sobradinho_ii,2024-03-07,2
sobradinho_ii,2024-03-08,2
sobradinho_ii,2024-03-09,2
sobradinho_ii,2024-03-10,2
sobradinho_ii,2024-03-11,3
sobradinho_ii,2024-03-12,3
sobradinho_ii,2024-03-13,2
sobradinho_ii,2024-03-14,2
sobradinho_ii,2024-03-15,2
sobradinho_ii,2024-03-16,2
sobradinho_ii,2024-03-17,2
sobradinho_ii,2024-03-18,3
sobradinho_ii,2024-03-19,3
sobradinho_ii,2024-03-20,2
sobradinho_ii,2024-03-21,2
sobradinho_ii,2024-03-22,2
sobradinho_ii,2024-03-23,2
sobradinho_ii,2024-03-24,2
sobradinho_ii,2024-03-25,3
sobradinho_ii,2024-03-26,3
sobradinho_ii,2024-03-27,2
sobradinho_ii,2024-03-28,2
sobradinho_ii,2024-03-29,2
sobradinho_ii,2024-03-30,2
sobradinho_ii,2024-03-31,2
sobradinho_ii,2024-04-01,3
sobradinho_ii,2024-04-02,3
sobradinho_ii,2024-04-03,2
sobradinho_ii,2024-04-04,2
sobradinho_ii,2024-04-05,2
sobradinho_ii,2024-04-06,2
sobradinho_ii,2024-04-07,2
sobradinho_ii,2024-04-08,3
sobradinho_ii,2024-04-09,3
sobradinho_ii,2024-04-10,2
sobradinho_ii,2024-04-11,2
sobradinho_ii,2024-04-12,2
sobradinho_ii,2024-04-13,2
sobradinho_ii,2024-04-14,2
sobradinho_ii,2024-04-15,3
sobradinho_ii,2024-04-16,3
sobradinho_ii,2024-04-17,3
sobradinho_ii,2024-04-18,2
sudoeste_octogonal,2024-02-19,10
sudoeste_octogonal,2024-02-20,11
sudoeste_octogonal,2024-02-21,12
sudoeste_octogonal,2024-02-22,11
sudoeste_octogonal,2024-02-23,11
sudoeste_octogonal,2024-02-24,10
sudoeste_octogonal,2024-02-25,9
sudoeste_octogonal,2024-02-26,15
sudoeste_octogonal,2024-02-27,14
sudoeste_octogonal,2024-02-28,15
sudoeste_octogonal,2024-02-29,14
sudoeste_octogonal,2024-03-01,14
sudoeste_octogonal,2024-03-02,12
sudoeste_octogonal,2024-03-03,9
sudoeste_octogonal,2024-03-04,17
sudoeste_octogonal,2024-03-05,17
sudoeste_octogonal,2024-03-06,16
sudoeste_octogonal,2024-03-07,15
sudoeste_octogonal,2024-03-08,16
sudoeste_octogonal,2024-03-09,13
sudoeste_octogonal,2024-03-10,11
sudoeste_octogonal,2024-03-11,16
sudoeste_octogonal,2024-03-12,17
sudoeste_octogonal,2024-03-13,16
sudoeste_octogonal,2024-03-14,15
sudoeste_octogonal,2024-03-15,16
sudoeste_octogonal,2024-03-16,14
sudoeste_octogonal,2024-03-17,11
sudoeste_octogonal,2024-03-18,20
sudoeste_octogonal,2024-03-19,19
sudoeste_octogonal,2024-03-20,17
sudoeste_octogonal,2024-03-21,16
sudoeste_octogonal,2024-03-22,16
sudoeste_octogonal,2024-03-23,12
sudoeste_octogonal,2024-03-24,10
sudoeste_octogonal,2024-03-25,16
sudoeste_octogonal,2024-03-26,16
sudoeste_octogonal,2024-03-27,16
sudoeste_octogonal,2024-03-28,14
sudoeste_octogonal,2024-03-29,15
sudoeste_octogonal,2024-03-30,12
sudoeste_octogonal,2024-03-31,9
sudoeste_octogonal,2024-04-01,16
sudoeste_octogonal,2024-04-02,15
sudoeste_octogonal,2024-04-03,15
sudoeste_octogonal,2024-04-04,14
sudoeste_octogonal,2024-04-05,15
sudoeste_octogonal,2024-04-06,12
sudoeste_octogonal,2024-04-07,9
sudoeste_octogonal,2024-04-08,16
sudoeste_octogonal,2024-04-09,15
sudoeste_octogonal,2024-04-10,15
sudoeste_octogonal,2024-04-11,14
sudoeste_octogonal,2024-04-12,15
sudoeste_octogonal,2024-04-13,12
sudoeste_octogonal,2024-04-14,9
sudoeste_octogonal,2024-04-15,16
sudoeste_octogonal,2024-04-16,15
sudoeste_octogonal,2024-04-17,15
sudoeste_octogonal,2024-04-18,14
taguatinga,2024-02-19,20
taguatinga,2024-02-20,21
taguatinga,2024-02-21,21
taguatinga,2024-02-22,20
taguatinga,2024-02-23,20
taguatinga,2024-02-24,18
taguatinga,2024-02-25,14
taguatinga,2024-02-26,23
taguatinga,2024-02-27,22
taguatinga,2024-02-28,23
taguatinga,2024-02-29,19
taguatinga,2024-03-01,22
taguatinga,2024-03-02,17
taguatinga,2024-03-03,15
taguatinga,2024-03-04,21
taguatinga,2024-03-05,22
taguatinga,2024-03-06,20
taguatinga,2024-03-07,18
taguatinga,2024-03-08,20
taguatinga,2024-03-09,17
taguatinga,2024-03-10,15
taguatinga,2024-03-11,18
taguatinga,2024-03-12,18
taguatinga,2024-03-13,19
taguatinga,2024-03-14,18
taguatinga,2024-03-15,17
taguatinga,2024-03-16,16
taguatinga,2024-03-17,13
taguatinga,2024-03-18,19
taguatinga,2024-03-19,18
taguatinga,2024-03-20,16
taguatinga,2024-03-21,15
taguatinga,2024-03-22,16
taguatinga,2024-03-23,13
taguatinga,2024-03-24,11
taguatinga,2024-03-25,16
taguatinga,2024-03-26,15
taguatinga,2024-03-27,15
taguatinga,2024-03-28,14
taguatinga,2024-03-29,15
taguatinga,2024-03-30,13
taguatinga,2024-03-31,11
taguatinga,2024-04-01,16
taguatinga,2024-04-02,15
taguatinga,2024-04-03,15
taguatinga,2024-04-04,14
taguatinga,2024-04-05,15
taguatinga,2024-04-06,13
taguatinga,2024-04-07,11
taguatinga,2024-04-08,16
taguatinga,2024-04-09,15
taguatinga,2024-04-10,15
taguatinga,2024-04-11,14
taguatinga,2024-04-12,15
taguatinga,2024-04-13,13
taguatinga,2024-04-14,11
taguatinga,2024-04-15,16
taguatinga,2024-04-16,16
taguatinga,2024-04-17,15
taguatinga,2024-04-18,14
varjao,2024-02-15,1
varjao,2024-02-16,1
varjao,2024-02-17,1
varjao,2024-02-18,1
varjao,2024-02-19,2
varjao,2024-02-20,1
varjao,2024-02-21,1
varjao,2024-02-22,1
varjao,2024-02-23,2
varjao,2024-02-24,1
varjao,2024-02-25,1
varjao,2024-02-26,2
varjao,2024-02-27,2
varjao,2024-02-28,2
varjao,2024-02-29,2
varjao,2024-03-01,2
varjao,2024-03-02,1
varjao,2024-03-03,1
varjao,2024-03-04,2
varjao,2024-03-05,2
varjao,2024-03-06,2
varjao,2024-03-07,2
varjao,2024-03-08,2
varjao,2024-03-09,1
varjao,2024-03-10,1
varjao,2024-03-11,2
varjao,2024-03-12,2
varjao,2024-03-13,2
varjao,2024-03-14,2
varjao,2024-03-15,2
varjao,2024-03-16,1
varjao,2024-03-17,1
varjao,2024-03-18,2
varjao,2024-03-19,2
varjao,2024-03-20,2
varjao,2024-03-21,2
varjao,2024-03-22,2
varjao,2024-03-23,1
varjao,2024-03-24,1
varjao,2024-03-25,2
varjao,2024-03-26,2
varjao,2024-03-27,2
varjao,2024-03-28,2
varjao,2024-03-29,2
varjao,2024-03-30,1
varjao,2024-03-31,1
varjao,2024-04-01,2
varjao,2024-04-02,2
varjao,2024-04-03,2
varjao,2024-04-04,2
varjao,2024-04-05,2
varjao,2024-04-06,1
varjao,2024-04-07,1
varjao,2024-04-08,2
varjao,2024-04-09,2
varjao,2024-04-10,2
varjao,2024-04-11,2
varjao,2024-04-12,2
varjao,2024-04-13,1
varjao,2024-04-14,1
vicente_pires,2024-02-18,4
vicente_pires,2024-02-19,6
vicente_pires,2024-02-20,6
vicente_pires,2024-02-21,6
vicente_pires,2024-02-22,7
vicente_pires,2024-02-23,6
vicente_pires,2024-02-24,5
vicente_pires,2024-02-25,4
vicente_pires,2024-02-26,8
vicente_pires,2024-02-27,7
vicente_pires,2024-02-28,7
vicente_pires,2024-02-29,6
vicente_pires,2024-03-01,6
vicente_pires,2024-03-02,6
vicente_pires,2024-03-03,5
vicente_pires,2024-03-04,8
vicente_pires,2024-03-05,7
vicente_pires,2024-03-06,6
vicente_pires,2024-03-07,6
vicente_pires,2024-03-08,6
vicente_pires,2024-03-09,6
vicente_pires,2024-03-10,5
vicente_pires,2024-03-11,8
vicente_pires,2024-03-12,7
vicente_pires,2024-03-13,6
vicente_pires,2024-03-14,6
vicente_pires,2024-03-15,6
vicente_pires,2024-03-16,5
vicente_pires,2024-03-17,4
vicente_pires,2024-03-18,8
vicente_pires,2024-03-19,7
vicente_pires,2024-03-20,6
vicente_pires,2024-03-21,6
vicente_pires,2024-03-22,6
vicente_pires,2024-03-23,5
vicente_pires,2024-03-24,4
vicente_pires,2024-03-25,7
vicente_pires,2024-03-26,6
vicente_pires,2024-03-27,6
vicente_pires,2024-03-28,6
vicente_pires,2024-03-29,6
vicente_pires,2024-03-30,5
vicente_pires,2024-03-31,4
vicente_pires,2024-04-01,7
vicente_pires,2024-04-02,6
vicente_pires,2024-04-03,6
vicente_pires,2024-04-04,5
vicente_pires,2024-04-05,5
vicente_pires,2024-04-06,5
vicente_pires,2024-04-07,4
vicente_pires,2024-04-08,7
vicente_pires,2024-04-09,6
vicente_pires,2024-04-10,6
vicente_pires,2024-04-11,5
vicente_pires,2024-04-12,5
vicente_pires,2024-04-13,4
vicente_pires,2024-04-14,4
vicente_pires,2024-04-15,7
vicente_pires,2024-04-16,6
vicente_pires,2024-04-17,5
