Continent,Country,Province,Day,Total Detected,Active,Active Hospitalized,Cumulative Hospitalized,Total Detected Deaths,Active Ventilated
None,None,None,2024-02-27,3433,0,0,489,57,0
None,None,None,2024-02-28,3433,0,0,489,57,0
None,None,None,2024-02-29,3433,0,0,489,57,0
None,None,None,2024-03-01,3433,0,0,489,57,0
None,None,None,2024-03-02,3433,0,0,489,57,0
None,None,None,2024-03-03,3433,0,0,489,57,0
None,None,None,2024-03-04,3433,0,0,489,57,0
None,None,None,2024-03-05,3433,0,0,489,57,0
None,None,None,2024-03-06,3433,0,0,489,57,0
None,None,None,2024-03-07,3433,0,0,489,57,0
None,None,None,2024-03-08,3433,0,0,489,57,0
None,None,None,2024-03-09,3433,0,0,489,57,0
None,None,None,2024-03-10,3433,0,0,489,57,0
None,None,None,2024-03-11,3433,0,0,489,57,0
None,None,None,2024-03-12,3433,0,0,489,57,0
None,None,None,2024-03-13,3433,0,0,489,57,0
None,None,None,2024-03-14,3433,0,0,489,57,0
None,None,None,2024-03-15,3433,0,0,489,57,0
None,None,None,2024-03-16,3433,0,0,489,57,0
None,None,None,2024-03-17,3433,0,0,489,57,0
None,None,None,2024-03-18,3433,0,0,489,57,0
None,None,None,2024-03-19,3433,0,0,489,57,0
South America,None,None,2024-02-27,3433,0,0,489,57,0
South America,None,None,2024-02-28,3433,0,0,489,57,0
South America,None,None,2024-02-29,3433,0,0,489,57,0
South America,None,None,2024-03-01,3433,0,0,489,57,0
South America,None,None,2024-03-02,3433,0,0,489,57,0
South America,None,None,2024-03-03,3433,0,0,489,57,0
South America,None,None,2024-03-04,3433,0,0,489,57,0
South America,None,None,2024-03-05,3433,0,0,489,57,0
South America,None,None,2024-03-06,3433,0,0,489,57,0
South America,None,None,2024-03-07,3433,0,0,489,57,0
South America,None,None,2024-03-08,3433,0,0,489,57,0
South America,None,None,2024-03-09,3433,0,0,489,57,0
South America,None,None,2024-03-10,3433,0,0,489,57,0
South America,None,None,2024-03-11,3433,0,0,489,57,0
South America,None,None,2024-03-12,3433,0,0,489,57,0
South America,None,None,2024-03-13,3433,0,0,489,57,0
South America,None,None,2024-03-14,3433,0,0,489,57,0
South America,None,None,2024-03-15,3433,0,0,489,57,0
South America,None,None,2024-03-16,3433,0,0,489,57,0
South America,None,None,2024-03-17,3433,0,0,489,57,0
South America,None,None,2024-03-18,3433,0,0,489,57,0
South America,None,None,2024-03-19,3433,0,0,489,57,0
South America,brasilia,None,2024-02-27,3433,0,0,489,57,0
South America,brasilia,None,2024-02-28,3433,0,0,489,57,0
South America,brasilia,None,2024-02-29,3433,0,0,489,57,0
South America,brasilia,None,2024-03-01,3433,0,0,489,57,0
South America,brasilia,None,2024-03-02,3433,0,0,489,57,0
South America,brasilia,None,2024-03-03,3433,0,0,489,57,0
South America,brasilia,None,2024-03-04,3433,0,0,489,57,0
South America,brasilia,None,2024-03-05,3433,0,0,489,57,0
South America,brasilia,None,2024-03-06,3433,0,0,489,57,0
South America,brasilia,None,2024-03-07,3433,0,0,489,57,0
South America,brasilia,None,2024-03-08,3433,0,0,489,57,0
South America,brasilia,None,2024-03-09,3433,0,0,489,57,0
South America,brasilia,None,2024-03-10,3433,0,0,489,57,0
South America,brasilia,None,2024-03-11,3433,0,0,489,57,0
South America,brasilia,None,2024-03-12,3433,0,0,489,57,0
South America,brasilia,None,2024-03-13,3433,0,0,489,57,0
South America,brasilia,None,2024-03-14,3433,0,0,489,57,0
South America,brasilia,None,2024-03-15,3433,0,0,489,57,0
South America,brasilia,None,2024-03-16,3433,0,0,489,57,0
South America,brasilia,None,2024-03-17,3433,0,0,489,57,0
South America,brasilia,None,2024-03-18,3433,0,0,489,57,0
South America,brasilia,None,2024-03-19,3433,0,0,489,57,0
South America,brasilia,aguas_claras,2024-02-27,139,0,0,21,1,0
South America,brasilia,aguas_claras,2024-02-28,139,0,0,21,1,0
South America,brasilia,aguas_claras,2024-02-29,139,0,0,21,1,0
South America,brasilia,aguas_claras,2024-03-01,139,0,0,21,1,0
South America,brasilia,aguas_claras,2024-03-02,139,0,0,21,1,0
South America,brasilia,aguas_claras,2024-03-03,139,0,0,21,1,0
South America,brasilia,aguas_claras,2024-03-04,139,0,0,21,1,0
South America,brasilia,aguas_claras,2024-03-05,139,0,0,21,1,0
South America,brasilia,aguas_claras,2024-03-06,139,0,0,21,1,0
South America,brasilia,aguas_claras,2024-03-07,139,0,0,21,1,0
South America,brasilia,aguas_claras,2024-03-08,139,0,0,21,1,0
South America,brasilia,aguas_claras,2024-03-09,139,0,0,21,1,0
South America,brasilia,aguas_claras,2024-03-10,139,0,0,21,1,0
South America,brasilia,aguas_claras,2024-03-11,139,0,0,21,1,0
South America,brasilia,aguas_claras,2024-03-12,139,0,0,21,1,0
South America,brasilia,aguas_claras,2024-03-13,139,0,0,21,1,0
South America,brasilia,aguas_claras,2024-03-14,139,0,0,21,1,0
South America,brasilia,aguas_claras,2024-03-15,139,0,0,21,1,0
South America,brasilia,aguas_claras,2024-03-16,139,0,0,21,1,0
South America,brasilia,aguas_claras,2024-03-17,139,0,0,21,1,0
South America,brasilia,aguas_claras,2024-03-18,139,0,0,21,1,0
South America,brasilia,aguas_claras,2024-03-19,139,0,0,21,1,0
South America,brasilia,brazlandia,2024-02-27,154,0,0,23,2,0
South America,brasilia,brazlandia,2024-02-28,154,0,0,23,2,0
South America,brasilia,brazlandia,2024-02-29,154,0,0,23,2,0
South America,brasilia,brazlandia,2024-03-01,154,0,0,23,2,0
South America,brasilia,brazlandia,2024-03-02,154,0,0,23,2,0
South America,brasilia,brazlandia,2024-03-03,154,0,0,23,2,0
South America,brasilia,brazlandia,2024-03-04,154,0,0,23,2,0
South America,brasilia,brazlandia,2024-03-05,154,0,0,23,2,0
South America,brasilia,brazlandia,2024-03-06,154,0,0,23,2,0
South America,brasilia,brazlandia,2024-03-07,154,0,0,23,2,0
South America,brasilia,brazlandia,2024-03-08,154,0,0,23,2,0
South America,brasilia,brazlandia,2024-03-09,154,0,0,23,2,0
South America,brasilia,brazlandia,2024-03-10,154,0,0,23,2,0
South America,brasilia,brazlandia,2024-03-11,154,0,0,23,2,0
South America,brasilia,brazlandia,2024-03-12,154,0,0,23,2,0
South America,brasilia,brazlandia,2024-03-13,154,0,0,23,2,0
South America,brasilia,brazlandia,2024-03-14,154,0,0,23,2,0
South America,brasilia,brazlandia,2024-03-15,154,0,0,23,2,0
South America,brasilia,brazlandia,2024-03-16,154,0,0,23,2,0
South America,brasilia,brazlandia,2024-03-17,154,0,0,23,2,0
South America,brasilia,brazlandia,2024-03-18,154,0,0,23,2,0
South America,brasilia,brazlandia,2024-03-19,154,0,0,23,2,0
South America,brasilia,ceilandia,2024-02-27,160,0,0,22,3,0
South America,brasilia,ceilandia,2024-02-28,160,0,0,22,3,0
South America,brasilia,ceilandia,2024-02-29,160,0,0,22,3,0
South America,brasilia,ceilandia,2024-03-01,160,0,0,22,3,0
South America,brasilia,ceilandia,2024-03-02,160,0,0,22,3,0
South America,brasilia,ceilandia,2024-03-03,160,0,0,22,3,0
South America,brasilia,ceilandia,2024-03-04,160,0,0,22,3,0
South America,brasilia,ceilandia,2024-03-05,160,0,0,22,3,0
South America,brasilia,ceilandia,2024-03-06,160,0,0,22,3,0
South America,brasilia,ceilandia,2024-03-07,160,0,0,22,3,0
South America,brasilia,ceilandia,2024-03-08,160,0,0,22,3,0
South America,brasilia,ceilandia,2024-03-09,160,0,0,22,3,0
South America,brasilia,ceilandia,2024-03-10,160,0,0,22,3,0
South America,brasilia,ceilandia,2024-03-11,160,0,0,22,3,0
South America,brasilia,ceilandia,2024-03-12,160,0,0,22,3,0
South America,brasilia,ceilandia,2024-03-13,160,0,0,22,3,0
South America,brasilia,ceilandia,2024-03-14,160,0,0,22,3,0
South America,brasilia,ceilandia,2024-03-15,160,0,0,22,3,0
South America,brasilia,ceilandia,2024-03-16,160,0,0,22,3,0
South America,brasilia,ceilandia,2024-03-17,160,0,0,22,3,0
South America,brasilia,ceilandia,2024-03-18,160,0,0,22,3,0
South America,brasilia,ceilandia,2024-03-19,160,0,0,22,3,0
South America,brasilia,gama,2024-02-27,154,0,0,21,3,0
South America,brasilia,gama,2024-02-28,154,0,0,21,3,0
South America,brasilia,gama,2024-02-29,154,0,0,21,3,0
South America,brasilia,gama,2024-03-01,154,0,0,21,3,0
South America,brasilia,gama,2024-03-02,154,0,0,21,3,0
South America,brasilia,gama,2024-03-03,154,0,0,21,3,0
South America,brasilia,gama,2024-03-04,154,0,0,21,3,0
South America,brasilia,gama,2024-03-05,154,0,0,21,3,0
South America,brasilia,gama,2024-03-06,154,0,0,21,3,0
South America,brasilia,gama,2024-03-07,154,0,0,21,3,0
South America,brasilia,gama,2024-03-08,154,0,0,21,3,0
South America,brasilia,gama,2024-03-09,154,0,0,21,3,0
South America,brasilia,gama,2024-03-10,154,0,0,21,3,0
South America,brasilia,gama,2024-03-11,154,0,0,21,3,0
South America,brasilia,gama,2024-03-12,154,0,0,21,3,0
South America,brasilia,gama,2024-03-13,154,0,0,21,3,0
South America,brasilia,gama,2024-03-14,154,0,0,21,3,0
South America,brasilia,gama,2024-03-15,154,0,0,21,3,0
South America,brasilia,gama,2024-03-16,154,0,0,21,3,0
South America,brasilia,gama,2024-03-17,154,0,0,21,3,0
South America,brasilia,gama,2024-03-18,154,0,0,21,3,0
South America,brasilia,gama,2024-03-19,154,0,0,21,3,0
South America,brasilia,guara,2024-02-27,139,0,0,20,2,0
South America,brasilia,guara,2024-02-28,139,0,0,20,2,0
South America,brasilia,guara,2024-02-29,139,0,0,20,2,0
South America,brasilia,guara,2024-03-01,139,0,0,20,2,0
South America,brasilia,guara,2024-03-02,139,0,0,20,2,0
South America,brasilia,guara,2024-03-03,139,0,0,20,2,0
South America,brasilia,guara,2024-03-04,139,0,0,20,2,0
South America,brasilia,guara,2024-03-05,139,0,0,20,2,0
South America,brasilia,guara,2024-03-06,139,0,0,20,2,0
South America,brasilia,guara,2024-03-07,139,0,0,20,2,0
South America,brasilia,guara,2024-03-08,139,0,0,20,2,0
South America,brasilia,guara,2024-03-09,139,0,0,20,2,0
South America,brasilia,guara,2024-03-10,139,0,0,20,2,0
South America,brasilia,guara,2024-03-11,139,0,0,20,2,0
South America,brasilia,guara,2024-03-12,139,0,0,20,2,0
South America,brasilia,guara,2024-03-13,139,0,0,20,2,0
South America,brasilia,guara,2024-03-14,139,0,0,20,2,0
South America,brasilia,guara,2024-03-15,139,0,0,20,2,0
South America,brasilia,guara,2024-03-16,139,0,0,20,2,0
South America,brasilia,guara,2024-03-17,139,0,0,20,2,0
South America,brasilia,guara,2024-03-18,139,0,0,20,2,0
South America,brasilia,guara,2024-03-19,139,0,0,20,2,0
South America,brasilia,itapoa,2024-02-27,156,0,0,23,2,0
South America,brasilia,itapoa,2024-02-28,156,0,0,23,2,0
South America,brasilia,itapoa,2024-02-29,156,0,0,23,2,0
South America,brasilia,itapoa,2024-03-01,156,0,0,23,2,0
South America,brasilia,itapoa,2024-03-02,156,0,0,23,2,0
South America,brasilia,itapoa,2024-03-03,156,0,0,23,2,0
South America,brasilia,itapoa,2024-03-04,156,0,0,23,2,0
South America,brasilia,itapoa,2024-03-05,156,0,0,23,2,0
South America,brasilia,itapoa,2024-03-06,156,0,0,23,2,0
South America,brasilia,itapoa,2024-03-07,156,0,0,23,2,0
South America,brasilia,itapoa,2024-03-08,156,0,0,23,2,0
South America,brasilia,itapoa,2024-03-09,156,0,0,23,2,0
South America,brasilia,itapoa,2024-03-10,156,0,0,23,2,0
South America,brasilia,itapoa,2024-03-11,156,0,0,23,2,0
South America,brasilia,itapoa,2024-03-12,156,0,0,23,2,0
South America,brasilia,itapoa,2024-03-13,156,0,0,23,2,0
South America,brasilia,itapoa,2024-03-14,156,0,0,23,2,0
South America,brasilia,itapoa,2024-03-15,156,0,0,23,2,0
South America,brasilia,itapoa,2024-03-16,156,0,0,23,2,0
South America,brasilia,itapoa,2024-03-17,156,0,0,23,2,0
South America,brasilia,itapoa,2024-03-18,156,0,0,23,2,0
South America,brasilia,itapoa,2024-03-19,156,0,0,23,2,0
South America,brasilia,jardim_botanico,2024-02-27,141,0,0,21,1,0
South America,brasilia,jardim_botanico,2024-02-28,141,0,0,21,1,0
South America,brasilia,jardim_botanico,2024-02-29,141,0,0,21,1,0
South America,brasilia,jardim_botanico,2024-03-01,141,0,0,21,1,0
South America,brasilia,jardim_botanico,2024-03-02,141,0,0,21,1,0
South America,brasilia,jardim_botanico,2024-03-03,141,0,0,21,1,0
South America,brasilia,jardim_botanico,2024-03-04,141,0,0,21,1,0
South America,brasilia,jardim_botanico,2024-03-05,141,0,0,21,1,0
South America,brasilia,jardim_botanico,2024-03-06,141,0,0,21,1,0
South America,brasilia,jardim_botanico,2024-03-07,141,0,0,21,1,0
South America,brasilia,jardim_botanico,2024-03-08,141,0,0,21,1,0
South America,brasilia,jardim_botanico,2024-03-09,141,0,0,21,1,0
South America,brasilia,jardim_botanico,2024-03-10,141,0,0,21,1,0
South America,brasilia,jardim_botanico,2024-03-11,141,0,0,21,1,0
South America,brasilia,jardim_botanico,2024-03-12,141,0,0,21,1,0
South America,brasilia,jardim_botanico,2024-03-13,141,0,0,21,1,0
South America,brasilia,jardim_botanico,2024-03-14,141,0,0,21,1,0
South America,brasilia,jardim_botanico,2024-03-15,141,0,0,21,1,0
South America,brasilia,jardim_botanico,2024-03-16,141,0,0,21,1,0
South America,brasilia,jardim_botanico,2024-03-17,141,0,0,21,1,0
South America,brasilia,jardim_botanico,2024-03-18,141,0,0,21,1,0
South America,brasilia,jardim_botanico,2024-03-19,141,0,0,21,1,0
South America,brasilia,lago_norte,2024-02-27,164,0,0,24,3,0
South America,brasilia,lago_norte,2024-02-28,164,0,0,24,3,0
South America,brasilia,lago_norte,2024-02-29,164,0,0,24,3,0
South America,brasilia,lago_norte,2024-03-01,164,0,0,24,3,0
South America,brasilia,lago_norte,2024-03-02,164,0,0,24,3,0
South America,brasilia,lago_norte,2024-03-03,164,0,0,24,3,0
South America,brasilia,lago_norte,2024-03-04,164,0,0,24,3,0
South America,brasilia,lago_norte,2024-03-05,164,0,0,24,3,0
South America,brasilia,lago_norte,2024-03-06,164,0,0,24,3,0
South America,brasilia,lago_norte,2024-03-07,164,0,0,24,3,0
South America,brasilia,lago_norte,2024-03-08,164,0,0,24,3,0
South America,brasilia,lago_norte,2024-03-09,164,0,0,24,3,0
South America,brasilia,lago_norte,2024-03-10,164,0,0,24,3,0
South America,brasilia,lago_norte,2024-03-11,164,0,0,24,3,0
South America,brasilia,lago_norte,2024-03-12,164,0,0,24,3,0
South America,brasilia,lago_norte,2024-03-13,164,0,0,24,3,0
South America,brasilia,lago_norte,2024-03-14,164,0,0,24,3,0
South America,brasilia,lago_norte,2024-03-15,164,0,0,24,3,0
South America,brasilia,lago_norte,2024-03-16,164,0,0,24,3,0
South America,brasilia,lago_norte,2024-03-17,164,0,0,24,3,0
South America,brasilia,lago_norte,2024-03-18,164,0,0,24,3,0
South America,brasilia,lago_norte,2024-03-19,164,0,0,24,3,0
South America,brasilia,lago_sul,2024-02-27,169,0,0,25,2,0
South America,brasilia,lago_sul,2024-02-28,169,0,0,25,2,0
South America,brasilia,lago_sul,2024-02-29,169,0,0,25,2,0
South America,brasilia,lago_sul,2024-03-01,169,0,0,25,2,0
South America,brasilia,lago_sul,2024-03-02,169,0,0,25,2,0
South America,brasilia,lago_sul,2024-03-03,169,0,0,25,2,0
South America,brasilia,lago_sul,2024-03-04,169,0,0,25,2,0
South America,brasilia,lago_sul,2024-03-05,169,0,0,25,2,0
South America,brasilia,lago_sul,2024-03-06,169,0,0,25,2,0
South America,brasilia,lago_sul,2024-03-07,169,0,0,25,2,0
South America,brasilia,lago_sul,2024-03-08,169,0,0,25,2,0
South America,brasilia,lago_sul,2024-03-09,169,0,0,25,2,0
South America,brasilia,lago_sul,2024-03-10,169,0,0,25,2,0
South America,brasilia,lago_sul,2024-03-11,169,0,0,25,2,0
South America,brasilia,lago_sul,2024-03-12,169,0,0,25,2,0
South America,brasilia,lago_sul,2024-03-13,169,0,0,25,2,0
South America,brasilia,lago_sul,2024-03-14,169,0,0,25,2,0
South America,brasilia,lago_sul,2024-03-15,169,0,0,25,2,0
South America,brasilia,lago_sul,2024-03-16,169,0,0,25,2,0
South America,brasilia,lago_sul,2024-03-17,169,0,0,25,2,0
South America,brasilia,lago_sul,2024-03-18,169,0,0,25,2,0
South America,brasilia,lago_sul,2024-03-19,169,0,0,25,2,0
South America,brasilia,paranoa,2024-02-27,153,0,0,20,4,0
South America,brasilia,paranoa,2024-02-28,153,0,0,20,4,0
South America,brasilia,paranoa,2024-02-29,153,0,0,20,4,0
South America,brasilia,paranoa,2024-03-01,153,0,0,20,4,0
South America,brasilia,paranoa,2024-03-02,153,0,0,20,4,0
South America,brasilia,paranoa,2024-03-03,153,0,0,20,4,0
South America,brasilia,paranoa,2024-03-04,153,0,0,20,4,0
South America,brasilia,paranoa,2024-03-05,153,0,0,20,4,0
South America,brasilia,paranoa,2024-03-06,153,0,0,20,4,0
South America,brasilia,paranoa,2024-03-07,153,0,0,20,4,0
South America,brasilia,paranoa,2024-03-08,153,0,0,20,4,0
South America,brasilia,paranoa,2024-03-09,153,0,0,20,4,0
South America,brasilia,paranoa,2024-03-10,153,0,0,20,4,0
South America,brasilia,paranoa,2024-03-11,153,0,0,20,4,0
South America,brasilia,paranoa,2024-03-12,153,0,0,20,4,0
South America,brasilia,paranoa,2024-03-13,153,0,0,20,4,0
South America,brasilia,paranoa,2024-03-14,153,0,0,20,4,0
South America,brasilia,paranoa,2024-03-15,153,0,0,20,4,0
South America,brasilia,paranoa,2024-03-16,153,0,0,20,4,0
South America,brasilia,paranoa,2024-03-17,153,0,0,20,4,0
South America,brasilia,paranoa,2024-03-18,153,0,0,20,4,0
South America,brasilia,paranoa,2024-03-19,153,0,0,20,4,0
South America,brasilia,planaltina,2024-02-27,142,0,0,19,3,0
South America,brasilia,planaltina,2024-02-28,142,0,0,19,3,0
South America,brasilia,planaltina,2024-02-29,142,0,0,19,3,0
South America,brasilia,planaltina,2024-03-01,142,0,0,19,3,0
South America,brasilia,planaltina,2024-03-02,142,0,0,19,3,0
South America,brasilia,planaltina,2024-03-03,142,0,0,19,3,0
South America,brasilia,planaltina,2024-03-04,142,0,0,19,3,0
South America,brasilia,planaltina,2024-03-05,142,0,0,19,3,0
South America,brasilia,planaltina,2024-03-06,142,0,0,19,3,0
South America,brasilia,planaltina,2024-03-07,142,0,0,19,3,0
South America,brasilia,planaltina,2024-03-08,142,0,0,19,3,0
South America,brasilia,planaltina,2024-03-09,142,0,0,19,3,0
South America,brasilia,planaltina,2024-03-10,142,0,0,19,3,0
South America,brasilia,planaltina,2024-03-11,142,0,0,19,3,0
South America,brasilia,planaltina,2024-03-12,142,0,0,19,3,0
South America,brasilia,planaltina,2024-03-13,142,0,0,19,3,0
South America,brasilia,planaltina,2024-03-14,142,0,0,19,3,0
South America,brasilia,planaltina,2024-03-15,142,0,0,19,3,0
South America,brasilia,planaltina,2024-03-16,142,0,0,19,3,0
South America,brasilia,planaltina,2024-03-17,142,0,0,19,3,0
South America,brasilia,planaltina,2024-03-18,142,0,0,19,3,0
South America,brasilia,planaltina,2024-03-19,142,0,0,19,3,0
South America,brasilia,plano_piloto,2024-02-27,142,0,0,19,3,0
South America,brasilia,plano_piloto,2024-02-28,142,0,0,19,3,0
South America,brasilia,plano_piloto,2024-02-29,142,0,0,19,3,0
South America,brasilia,plano_piloto,2024-03-01,142,0,0,19,3,0
South America,brasilia,plano_piloto,2024-03-02,142,0,0,19,3,0
South America,brasilia,plano_piloto,2024-03-03,142,0,0,19,3,0
South America,brasilia,plano_piloto,2024-03-04,142,0,0,19,3,0
South America,brasilia,plano_piloto,2024-03-05,142,0,0,19,3,0
South America,brasilia,plano_piloto,2024-03-06,142,0,0,19,3,0
South America,brasilia,plano_piloto,2024-03-07,142,0,0,19,3,0
South America,brasilia,plano_piloto,2024-03-08,142,0,0,19,3,0
South America,brasilia,plano_piloto,2024-03-09,142,0,0,19,3,0
South America,brasilia,plano_piloto,2024-03-10,142,0,0,19,3,0
South America,brasilia,plano_piloto,2024-03-11,142,0,0,19,3,0
South America,brasilia,plano_piloto,2024-03-12,142,0,0,19,3,0
South America,brasilia,plano_piloto,2024-03-13,142,0,0,19,3,0
South America,brasilia,plano_piloto,2024-03-14,142,0,0,19,3,0
South America,brasilia,plano_piloto,2024-03-15,142,0,0,19,3,0
South America,brasilia,plano_piloto,2024-03-16,142,0,0,19,3,0
South America,brasilia,plano_piloto,2024-03-17,142,0,0,19,3,0
South America,brasilia,plano_piloto,2024-03-18,142,0,0,19,3,0
South America,brasilia,plano_piloto,2024-03-19,142,0,0,19,3,0
South America,brasilia,recanto_das_emas,2024-02-27,175,0,0,24,4,0
South America,brasilia,recanto_das_emas,2024-02-28,175,0,0,24,4,0
South America,brasilia,recanto_das_emas,2024-02-29,175,0,0,24,4,0
South America,brasilia,recanto_das_emas,2024-03-01,175,0,0,24,4,0
South America,brasilia,recanto_das_emas,2024-03-02,175,0,0,24,4,0
South America,brasilia,recanto_das_emas,2024-03-03,175,0,0,24,4,0
South America,brasilia,recanto_das_emas,2024-03-04,175,0,0,24,4,0
South America,brasilia,recanto_das_emas,2024-03-05,175,0,0,24,4,0
South America,brasilia,recanto_das_emas,2024-03-06,175,0,0,24,4,0
South America,brasilia,recanto_das_emas,2024-03-07,175,0,0,24,4,0
South America,brasilia,recanto_das_emas,2024-03-08,175,0,0,24,4,0
South America,brasilia,recanto_das_emas,2024-03-09,175,0,0,24,4,0
South America,brasilia,recanto_das_emas,2024-03-10,175,0,0,24,4,0
South America,brasilia,recanto_das_emas,2024-03-11,175,0,0,24,4,0
South America,brasilia,recanto_das_emas,2024-03-12,175,0,0,24,4,0
South America,brasilia,recanto_das_emas,2024-03-13,175,0,0,24,4,0
South America,brasilia,recanto_das_emas,2024-03-14,175,0,0,24,4,0
South America,brasilia,recanto_das_emas,2024-03-15,175,0,0,24,4,0
South America,brasilia,recanto_das_emas,2024-03-16,175,0,0,24,4,0
South America,brasilia,recanto_das_emas,2024-03-17,175,0,0,24,4,0
South America,brasilia,recanto_das_emas,2024-03-18,175,0,0,24,4,0
South America,brasilia,recanto_das_emas,2024-03-19,175,0,0,24,4,0
South America,brasilia,riacho_fundo_ii,2024-02-27,168,0,0,25,2,0
South America,brasilia,riacho_fundo_ii,2024-02-28,168,0,0,25,2,0
South America,brasilia,riacho_fundo_ii,2024-02-29,168,0,0,25,2,0
South America,brasilia,riacho_fundo_ii,2024-03-01,168,0,0,25,2,0
South America,brasilia,riacho_fundo_ii,2024-03-02,168,0,0,25,2,0
South America,brasilia,riacho_fundo_ii,2024-03-03,168,0,0,25,2,0
South America,brasilia,riacho_fundo_ii,2024-03-04,168,0,0,25,2,0
South America,brasilia,riacho_fundo_ii,2024-03-05,168,0,0,25,2,0
South America,brasilia,riacho_fundo_ii,2024-03-06,168,0,0,25,2,0
South America,brasilia,riacho_fundo_ii,2024-03-07,168,0,0,25,2,0
South America,brasilia,riacho_fundo_ii,2024-03-08,168,0,0,25,2,0
South America,brasilia,riacho_fundo_ii,2024-03-09,168,0,0,25,2,0
South America,brasilia,riacho_fundo_ii,2024-03-10,168,0,0,25,2,0
South America,brasilia,riacho_fundo_ii,2024-03-11,168,0,0,25,2,0
South America,brasilia,riacho_fundo_ii,2024-03-12,168,0,0,25,2,0
South America,brasilia,riacho_fundo_ii,2024-03-13,168,0,0,25,2,0
South America,brasilia,riacho_fundo_ii,2024-03-14,168,0,0,25,2,0
South America,brasilia,riacho_fundo_ii,2024-03-15,168,0,0,25,2,0
South America,brasilia,riacho_fundo_ii,2024-03-16,168,0,0,25,2,0
South America,brasilia,riacho_fundo_ii,2024-03-17,168,0,0,25,2,0
South America,brasilia,riacho_fundo_ii,2024-03-18,168,0,0,25,2,0
South America,brasilia,riacho_fundo_ii,2024-03-19,168,0,0,25,2,0
South America,brasilia,samambaia,2024-02-27,151,0,0,19,5,0
South America,brasilia,samambaia,2024-02-28,151,0,0,19,5,0
South America,brasilia,samambaia,2024-02-29,151,0,0,19,5,0
South America,brasilia,samambaia,2024-03-01,151,0,0,19,5,0
South America,brasilia,samambaia,2024-03-02,151,0,0,19,5,0
South America,brasilia,samambaia,2024-03-03,151,0,0,19,5,0
South America,brasilia,samambaia,2024-03-04,151,0,0,19,5,0
South America,brasilia,samambaia,2024-03-05,151,0,0,19,5,0
South America,brasilia,samambaia,2024-03-06,151,0,0,19,5,0
South America,brasilia,samambaia,2024-03-07,151,0,0,19,5,0
South America,brasilia,samambaia,2024-03-08,151,0,0,19,5,0
South America,brasilia,samambaia,2024-03-09,151,0,0,19,5,0
South America,brasilia,samambaia,2024-03-10,151,0,0,19,5,0
South America,brasilia,samambaia,2024-03-11,151,0,0,19,5,0
South America,brasilia,samambaia,2024-03-12,151,0,0,19,5,0
South America,brasilia,samambaia,2024-03-13,151,0,0,19,5,0
South America,brasilia,samambaia,2024-03-14,151,0,0,19,5,0
South America,brasilia,samambaia,2024-03-15,151,0,0,19,5,0
South America,brasilia,samambaia,2024-03-16,151,0,0,19,5,0
South America,brasilia,samambaia,2024-03-17,151,0,0,19,5,0
South America,brasilia,samambaia,2024-03-18,151,0,0,19,5,0
South America,brasilia,samambaia,2024-03-19,151,0,0,19,5,0
South America,brasilia,santa_maria,2024-02-27,172,0,0,25,3,0
South America,brasilia,santa_maria,2024-02-28,172,0,0,25,3,0
South America,brasilia,santa_maria,2024-02-29,172,0,0,25,3,0
South America,brasilia,santa_maria,2024-03-01,172,0,0,25,3,0
South America,brasilia,santa_maria,2024-03-02,172,0,0,25,3,0
South America,brasilia,santa_maria,2024-03-03,172,0,0,25,3,0
South America,brasilia,santa_maria,2024-03-04,172,0,0,25,3,0
South America,brasilia,santa_maria,2024-03-05,172,0,0,25,3,0
South America,brasilia,santa_maria,2024-03-06,172,0,0,25,3,0
South America,brasilia,santa_maria,2024-03-07,172,0,0,25,3,0
South America,brasilia,santa_maria,2024-03-08,172,0,0,25,3,0
South America,brasilia,santa_maria,2024-03-09,172,0,0,25,3,0
South America,brasilia,santa_maria,2024-03-10,172,0,0,25,3,0
South America,brasilia,santa_maria,2024-03-11,172,0,0,25,3,0
South America,brasilia,santa_maria,2024-03-12,172,0,0,25,3,0
South America,brasilia,santa_maria,2024-03-13,172,0,0,25,3,0
South America,brasilia,santa_maria,2024-03-14,172,0,0,25,3,0
South America,brasilia,santa_maria,2024-03-15,172,0,0,25,3,0
South America,brasilia,santa_maria,2024-03-16,172,0,0,25,3,0
South America,brasilia,santa_maria,2024-03-17,172,0,0,25,3,0
South America,brasilia,santa_maria,2024-03-18,172,0,0,25,3,0
South America,brasilia,santa_maria,2024-03-19,172,0,0,25,3,0
South America,brasilia,sao_sebastiao,2024-02-27,185,0,0,27,3,0
South America,brasilia,sao_sebastiao,2024-02-28,185,0,0,27,3,0
South America,brasilia,sao_sebastiao,2024-02-29,185,0,0,27,3,0
South America,brasilia,sao_sebastiao,2024-03-01,185,0,0,27,3,0
South America,brasilia,sao_sebastiao,2024-03-02,185,0,0,27,3,0
South America,brasilia,sao_sebastiao,2024-03-03,185,0,0,27,3,0
South America,brasilia,sao_sebastiao,2024-03-04,185,0,0,27,3,0
South America,brasilia,sao_sebastiao,2024-03-05,185,0,0,27,3,0
South America,brasilia,sao_sebastiao,2024-03-06,185,0,0,27,3,0
South America,brasilia,sao_sebastiao,2024-03-07,185,0,0,27,3,0
South America,brasilia,sao_sebastiao,2024-03-08,185,0,0,27,3,0
South America,brasilia,sao_sebastiao,2024-03-09,185,0,0,27,3,0
South America,brasilia,sao_sebastiao,2024-03-10,185,0,0,27,3,0
South America,brasilia,sao_sebastiao,2024-03-11,185,0,0,27,3,0
South America,brasilia,sao_sebastiao,2024-03-12,185,0,0,27,3,0
South America,brasilia,sao_sebastiao,2024-03-13,185,0,0,27,3,0
South America,brasilia,sao_sebastiao,2024-03-14,185,0,0,27,3,0
South America,brasilia,sao_sebastiao,2024-03-15,185,0,0,27,3,0
South America,brasilia,sao_sebastiao,2024-03-16,185,0,0,27,3,0
South America,brasilia,sao_sebastiao,2024-03-17,185,0,0,27,3,0
South America,brasilia,sao_sebastiao,2024-03-18,185,0,0,27,3,0
South America,brasilia,sao_sebastiao,2024-03-19,185,0,0,27,3,0
South America,brasilia,sistema_penitenciario,2024-02-27,138,0,0,21,1,0
South America,brasilia,sistema_penitenciario,2024-02-28,138,0,0,21,1,0
South America,brasilia,sistema_penitenciario,2024-02-29,138,0,0,21,1,0
South America,brasilia,sistema_penitenciario,2024-03-01,138,0,0,21,1,0
South America,brasilia,sistema_penitenciario,2024-03-02,138,0,0,21,1,0
South America,brasilia,sistema_penitenciario,2024-03-03,138,0,0,21,1,0
South America,brasilia,sistema_penitenciario,2024-03-04,138,0,0,21,1,0
South America,brasilia,sistema_penitenciario,2024-03-05,138,0,0,21,1,0
South America,brasilia,sistema_penitenciario,2024-03-06,138,0,0,21,1,0
South America,brasilia,sistema_penitenciario,2024-03-07,138,0,0,21,1,0
South America,brasilia,sistema_penitenciario,2024-03-08,138,0,0,21,1,0
South America,brasilia,sistema_penitenciario,2024-03-09,138,0,0,21,1,0
South America,brasilia,sistema_penitenciario,2024-03-10,138,0,0,21,1,0
South America,brasilia,sistema_penitenciario,2024-03-11,138,0,0,21,1,0
South America,brasilia,sistema_penitenciario,2024-03-12,138,0,0,21,1,0
South America,brasilia,sistema_penitenciario,2024-03-13,138,0,0,21,1,0
South America,brasilia,sistema_penitenciario,2024-03-14,138,0,0,21,1,0
South America,brasilia,sistema_penitenciario,2024-03-15,138,0,0,21,1,0
South America,brasilia,sistema_penitenciario,2024-03-16,138,0,0,21,1,0
South America,brasilia,sistema_penitenciario,2024-03-17,138,0,0,21,1,0
South America,brasilia,sistema_penitenciario,2024-03-18,138,0,0,21,1,0
South America,brasilia,sistema_penitenciario,2024-03-19,138,0,0,21,1,0
South America,brasilia,sobradinho,2024-02-27,144,0,0,21,2,0
South America,brasilia,sobradinho,2024-02-28,144,0,0,21,2,0
South America,brasilia,sobradinho,2024-02-29,144,0,0,21,2,0
South America,brasilia,sobradinho,2024-03-01,144,0,0,21,2,0
South America,brasilia,sobradinho,2024-03-02,144,0,0,21,2,0
South America,brasilia,sobradinho,2024-03-03,144,0,0,21,2,0
South America,brasilia,sobradinho,2024-03-04,144,0,0,21,2,0
South America,brasilia,sobradinho,2024-03-05,144,0,0,21,2,0
South America,brasilia,sobradinho,2024-03-06,144,0,0,21,2,0
South America,brasilia,sobradinho,2024-03-07,144,0,0,21,2,0
South America,brasilia,sobradinho,2024-03-08,144,0,0,21,2,0
South America,brasilia,sobradinho,2024-03-09,144,0,0,21,2,0
South America,brasilia,sobradinho,2024-03-10,144,0,0,21,2,0
South America,brasilia,sobradinho,2024-03-11,144,0,0,21,2,0
South America,brasilia,sobradinho,2024-03-12,144,0,0,21,2,0
South America,brasilia,sobradinho,2024-03-13,144,0,0,21,2,0
South America,brasilia,sobradinho,2024-03-14,144,0,0,21,2,0
South America,brasilia,sobradinho,2024-03-15,144,0,0,21,2,0
South America,brasilia,sobradinho,2024-03-16,144,0,0,21,2,0
South America,brasilia,sobradinho,2024-03-17,144,0,0,21,2,0
South America,brasilia,sobradinho,2024-03-18,144,0,0,21,2,0
South America,brasilia,sobradinho,2024-03-19,144,0,0,21,2,0
South America,brasilia,sudoeste_octogonal,2024-02-27,180,0,0,27,2,0
South America,brasilia,sudoeste_octogonal,2024-02-28,180,0,0,27,2,0
South America,brasilia,sudoeste_octogonal,2024-02-29,180,0,0,27,2,0
South America,brasilia,sudoeste_octogonal,2024-03-01,180,0,0,27,2,0
South America,brasilia,sudoeste_octogonal,2024-03-02,180,0,0,27,2,0
South America,brasilia,sudoeste_octogonal,2024-03-03,180,0,0,27,2,0
South America,brasilia,sudoeste_octogonal,2024-03-04,180,0,0,27,2,0
South America,brasilia,sudoeste_octogonal,2024-03-05,180,0,0,27,2,0
South America,brasilia,sudoeste_octogonal,2024-03-06,180,0,0,27,2,0
South America,brasilia,sudoeste_octogonal,2024-03-07,180,0,0,27,2,0
South America,brasilia,sudoeste_octogonal,2024-03-08,180,0,0,27,2,0
South America,brasilia,sudoeste_octogonal,2024-03-09,180,0,0,27,2,0
South America,brasilia,sudoeste_octogonal,2024-03-10,180,0,0,27,2,0
South America,brasilia,sudoeste_octogonal,2024-03-11,180,0,0,27,2,0
South America,brasilia,sudoeste_octogonal,2024-03-12,180,0,0,27,2,0
South America,brasilia,sudoeste_octogonal,2024-03-13,180,0,0,27,2,0
South America,brasilia,sudoeste_octogonal,2024-03-14,180,0,0,27,2,0
South America,brasilia,sudoeste_octogonal,2024-03-15,180,0,0,27,2,0
South America,brasilia,sudoeste_octogonal,2024-03-16,180,0,0,27,2,0
South America,brasilia,sudoeste_octogonal,2024-03-17,180,0,0,27,2,0
South America,brasilia,sudoeste_octogonal,2024-03-18,180,0,0,27,2,0
South America,brasilia,sudoeste_octogonal,2024-03-19,180,0,0,27,2,0
South America,brasilia,taguatinga,2024-02-27,165,0,0,21,5,0
South America,brasilia,taguatinga,2024-02-28,165,0,0,21,5,0
South America,brasilia,taguatinga,2024-02-29,165,0,0,21,5,0
South America,brasilia,taguatinga,2024-03-01,165,0,0,21,5,0
South America,brasilia,taguatinga,2024-03-02,165,0,0,21,5,0
South America,brasilia,taguatinga,2024-03-03,165,0,0,21,5,0
South America,brasilia,taguatinga,2024-03-04,165,0,0,21,5,0
South America,brasilia,taguatinga,2024-03-05,165,0,0,21,5,0
South America,brasilia,taguatinga,2024-03-06,165,0,0,21,5,0
South America,brasilia,taguatinga,2024-03-07,165,0,0,21,5,0
South America,brasilia,taguatinga,2024-03-08,165,0,0,21,5,0
South America,brasilia,taguatinga,2024-03-09,165,0,0,21,5,0
South America,brasilia,taguatinga,2024-03-10,165,0,0,21,5,0
South America,brasilia,taguatinga,2024-03-11,165,0,0,21,5,0
South America,brasilia,taguatinga,2024-03-12,165,0,0,21,5,0
South America,brasilia,taguatinga,2024-03-13,165,0,0,21,5,0
South America,brasilia,taguatinga,2024-03-14,165,0,0,21,5,0
South America,brasilia,taguatinga,2024-03-15,165,0,0,21,5,0
South America,brasilia,taguatinga,2024-03-16,165,0,0,21,5,0
South America,brasilia,taguatinga,2024-03-17,165,0,0,21,5,0
South America,brasilia,taguatinga,2024-03-18,165,0,0,21,5,0
South America,brasilia,taguatinga,2024-03-19,165,0,0,21,5,0
South America,brasilia,vicente_pires,2024-02-27,142,0,0,21,1,0
South America,brasilia,vicente_pires,2024-02-28,142,0,0,21,1,0
South America,brasilia,vicente_pires,2024-02-29,142,0,0,21,1,0
South America,brasilia,vicente_pires,2024-03-01,142,0,0,21,1,0
South America,brasilia,vicente_pires,2024-03-02,142,0,0,21,1,0
South America,brasilia,vicente_pires,2024-03-03,142,0,0,21,1,0
South America,brasilia,vicente_pires,2024-03-04,142,0,0,21,1,0
South America,brasilia,vicente_pires,2024-03-05,142,0,0,21,1,0
South America,brasilia,vicente_pires,2024-03-06,142,0,0,21,1,0
South America,brasilia,vicente_pires,2024-03-07,142,0,0,21,1,0
South America,brasilia,vicente_pires,2024-03-08,142,0,0,21,1,0
South America,brasilia,vicente_pires,2024-03-09,142,0,0,21,1,0
South America,brasilia,vicente_pires,2024-03-10,142,0,0,21,1,0
South America,brasilia,vicente_pires,2024-03-11,142,0,0,21,1,0
South America,brasilia,vicente_pires,2024-03-12,142,0,0,21,1,0
South America,brasilia,vicente_pires,2024-03-13,142,0,0,21,1,0
South America,brasilia,vicente_pires,2024-03-14,142,0,0,21,1,0
South America,brasilia,vicente_pires,2024-03-15,142,0,0,21,1,0
South America,brasilia,vicente_pires,2024-03-16,142,0,0,21,1,0
South America,brasilia,vicente_pires,2024-03-17,142,0,0,21,1,0
South America,brasilia,vicente_pires,2024-03-18,142,0,0,21,1,0
South America,brasilia,vicente_pires,2024-03-19,142,0,0,21,1,0
